group_id,text,entity_name,entity_value
630869,Tigereye; Total Length:21cm; 1.2cm; 2.7cm; Alloy Material; Cowhide Making; Total Weight:24.8g,item_weight,24.8 gram
483370,50CM; Girl; 4KG; G; W; E,item_weight,4.0 kilogram
459516,"Facts; SUGGESTED USE:; As a dietary supplement, take 2 capsules; daily with 8-12 oz of water or as directed by; your healthcare professional.; %DV; THIRDPARTY TESTED; NON-GMOt; GLUTEN-FREE; WARNING:For healthy individuals 18 years and; older.Consult a healthcare professional prior to; use if you are pregnant or nursing,taking; medication, or have a medical condition.Keep; out of reach of children. Do not use if safety; seal is broken or missing.; nose, trea; NOTice: Store in a cool, dry place.; MADE AND QUALITY TESTED IN THE USA WITH; GLOBALLY SOURCED INGREDIENTS.; Distributed by Nutricost; 351 E 1750NVineyard,UT 84059; 404.5.22; 866)438-36941support@nutricost.com; www.nutricost.com; 8; 10014; 67406; 11",item_volume,"[8.0, 12.0] fluid ounce"
208023,"PICTURE FRAME SIZE DIAGRAM; (This set of photo wall free installation accessories); 170cm; A; B; A; B; A; 69cm; B; DO; A; A; WHHT; C; B; A; YOU; B; LOVE; Overallsize:69x170cm;weight about3.59kg; Quantity; Diameter size; Inner diameter size; Side width; Thick side; Material; A*6; 11.6X15.5cm; 8.9X12.7cm; 1.8cm; 1.8cm; Solid wood; B*4; 15.7*20.8cm; 12.7X17.8cm; 1.8cm; 1.8cm; Solid wood; C*1; 23*28cm; 20.3X25.4cm; 1.8cm; 1.8cm; Solid wood; Square*1; 18X18cm; 15.2X15.2cm; 1.8cm; 2cm; Solid wood; Details of the hanging parameters included in the photo wall; Ornament name; Number; size; Material; Remarks; ""family""letter; 1; 20*20*0.5cm; Wood plastic board; ""do what""board; 1; 30*40*0.5cm; Wood plastic board; 4.3*10.3cm; 5 leaves; Group 1; 5*12cm; Wood plastic board",item_weight,3.59 kilogram
983323,m; AIAEN; DC BRUSHLESS FAN MOTOR; 12V-DC; SLEEVE BEARING; DC FAN,voltage,12.0 volt
299791,"24Box chain; 1.6""41mm); Pendant weight 7g; 0.2""5mm)",item_weight,7 gram
299791,2.5mm; (0.1 inch); Rose Gold Plated ; ER; 38mm; (1.5 inches); 28.6mm(1.13 inches); Necklace length: 50+5cm(20 +2 inches)/ Resizable; Net Weight: 9.8g,item_weight,9.8 gram
459516,FOR BEST RESULT COMB NE; Earth's Creation; Earths Creation; Earth; LIQUID; Creatior; Vitamin; IMMUNE; NATURAL; C 1OOOmg; SHIELD; Cell Protector; with CurQLife; Immune Health; AntioxidantFormula; IMMUNE DEFENSE; Moy support protection agains; iree rodical damage; 3in1; 0Supports overall health; Abaonced high potency cell; argets Cel Prtatein; protector formula'; Helps boost; cellular health*; DIETARY SUPPLEMENT; Antioxidant Packed; 60 Capsules; 60CAPSULES.E; Immunity; Products; SHOP NOW,item_volume,16.0 fluid ounce
523149,Sabina; Carson;  Forever & Always; crystal birthstone; Carson; 10mm; son; Material: Sterling Silver.; CZ:5x5mm; 10k/14k/18k Solid Gold; About Weight: 3.8g; or;  Forever & Always; Engraving name,item_weight,3.8 gram
844474,Lightweight & Packable; 0.45 kg/0.99 Ib; 18.5in/47cm; FOLDED; 7.9in/20cm; 10.23in/26cm; 11.8in/30cm; 7.9in/20cm; UNFOLDED,item_weight,0.45 kilogram
179080,"G; D; Height; Recommended height; 192CM; 5'3""-6'3""; 160CM; Bicycle weight; kg; 70.5LBS; Load capacity; MAX330LBS",item_weight,70.5 pound
271537,Micro diaphragm pump; Voltage:; DC12V; Powermax; 60W; Pressure; ax0.8Mpa; Flow(max; 5L/min; Lnlet mussefilters; n,voltage,12.0 volt
271537,31ft; 2V,voltage,12.0 volt
271537,Micro diaphragm pump; Voltage:; DC12V; Power(max); 60W; Pressure(max); 0.8Mpa; Flow(max).; 5L/min; Lnlet must use filters,voltage,12.0 volt
271537,MO9,voltage,12.0 volt
589105,Storage Space; SAVE 50%; Storage Space; SAVE 70%; 24.4in; Weight:1.87Ib; 11.8in; 11.8in; EVERY OTHER THURSDA; 5.1in; 1.6in; 17.7in; 17.7in; 11.8in; 17.7in; Hanging size; Carrying things storage size; Folded size when not in use; AFTER; BEFORE; Clean And Tidy.; Packing Cubes; 26-inch,item_weight,1.87 pound
748919,MONOPRIX; MESCLUN; PLA SALADE AU GOUT PAS MESQUIN; 4A5 PERSONNES; 125G; L19318432052-,item_weight,125.0 gram
523149,Size: 7-12; Weight:; 21g; Material: Titanium steel; (stainless; steel); width: 2. 1CM; LORAD; Wall; thickness :0.2cm-0.4cm,item_weight,21.0 gram
630869,PRODUCT; DISPLAY; Weight; 30g; 20+15cm; Adjustable; 15cm/6in; Earent; Free size for women and girls,item_weight,30.0 gram
752266,AC85-265V; LED; 3 LEDs; 300 Lumens; KG; 800KG Belastung,voltage,"[85.0, 265.0] volt"
459516,"\MMUNE; wild e; organic; K; SUPPORT; BREATH; wild e.; PREMIUM; organic; QUALITY; FREELY; LIQUID DROPS; MULLEIN LEAF; Vegan; XSA; Respiratory Health; Alcohol-free; 4 floz; Dietary supplement; Lung Cleanse; *THE STATEMENTS ON THIS PRODUCT NAVE NOT BEEN EVALUATED BY THE FOOD AND DRUG ADMINISTRATION.THIS PRODUCT IS NOT INTENDED TO DIAGNOSE, TREAT, CURE, OR PREVENT ANY DESEASE",item_volume,4.0 fluid ounce
459516,"wild e.; organic; SMART; CONSUMPTION; 98%; of absorption; in 2-5 minutes; wild e; PREMIUM; organlc; QUALITY; LIQUID DROPS; Maximize absorption; with liquid, surpassing; MULLEIN LEAF; capsules or pills; Alcohol-free; 4floz; Dietary supplement; Liquid; Capsules; Pills",item_volume,4.0 fluid ounce
459516,"wild e.; NATURAL; organic; SWEETNESS; WITH VEGETABLE GLYCERIN; NO; SUGAR,; ALCOHOL; wild e""; PREMIUM; QUALITY; organlc; LIQUIDDROPS; MULLEIN LEAF; By utilizing vegetable glycerin; our alcohol-free tinctures; Alcohol-free; 4 floz; Dietary supplement; deliver a naturally sweet taste; without the addition of sugar.",item_volume,4.0 fluid ounce
459516,"wild e.; EASY; organic; SQUEEZY!; 168DROPPERS; 56-DAY; 1DROPPERFUL; per bottle; (1 bulb squeeze); supply; JCOO; O; serving size; SUPPLEMENT FACTS; Serving size: 0.7 ml / Servings about 168; Amount Per Serving %DV; Organic Mullein Leaf; 679 mg; (Verbascum thapsus); * Daily Value (DV) not established; Other Ingredients:Certified Organic; vegetable glycerin, distilled water.; Does not contain:Alcohol,Sugar",item_volume,0.7 millilitre
459516,"wild e.; EASY; organic; SQUEEZY!; 168DROPPERS; 56-DAY; 1DROPPERFUL; per bottle; (1 bulb squeeze); supply; JCOO; O; serving size; SUPPLEMENT FACTS; Serving size: 0.7 ml / Servings about 168; Amount Per Serving %DV; Organic Mullein Leaf; 679 mg; (Verbascum thapsus); * Daily Value (DV) not established; Other Ingredients:Certified Organic; vegetable glycerin, distilled water.; Does not contain:Alcohol,Sugar",item_weight,679.0 milligram
459516,"wild e; organlc; PREMIUM; PRODUCT.; CLEAR; Vital information; LABELING; conveniently shown; on the product label..; wild e; Suggested use: Shake before using.Add one; PREMIUM; SUPPLEMENT FACTS; (1) full squeeze of the dropper bulb to 2 oz.of; water or juice,3 times daily, or as directed by; organlc; QUALITY; Serving size: 0.7 ml /Servings about 168; your healthcare professional.; Amount Per Serving %DV; Caution:If you are pregnant, nursing or; Organic Mullein Leaf; 679 mg; taking any medications, consult with your; (Verbascum thapsus); healthcare provider before use.; LIQUID DROPS; * Daily Value (DV) not established; Store away from heat and light.; Keep out of the reach of children.; Other Ingredients:Certified Organic; MOLLEIN LEAF; vegetable glycerin,distilled water.; Does not contain:Alcohol,Sugar; MULLWO4 EXP3/26; parte; X003RVLMJ3; USA; Manufactured for WILD & ORGANIC,LLC; HAVE NOT BEEN; 3990 CHEVY CHASEDRIVE LOS ANGELES,CA 90039; Alcohol-free; wildorganicsupplements.com; ODIAGNOSE.TREAT,; 4 floz; Dietary supplement; +17472703836",item_volume,4.0 fluid ounce
881883,"Color Difference Description.; Due to different monitors and lighting, the color of the actual may be; slightly different; Kind tips:; Before buying, you can check with a; ISABELLA; different mobile phone or computer to; make the actual color closer to your; expectations. Or order a sample first; to confirm the actual color.",item_weight,500.0 gram
120569,GUIA DE DOSIS DIARIA; PEQUENO; MEDIANO; (HASTA 15KG); (HASTA 30KG); 1 PASTILLA; 2 PASTILLAS; POR DIA; POR DIA; GRANDE; (HASTA 45KG); MUY; GRANDE; (HASTA 45KG); 4 PASTILLAS; 3 PASTILLAS; POR DIA; PORDIA,item_weight,15.0 kilogram
641642,ENERG4; PAUTIX; HH-SW480F008W24-COB; A; B; C; D; E; F; F; G; 2019/2015; 5; kWh/1000h,wattage,8.0 watt
311997,"R; MASKO; EIGENSCHAFTEN; Markenqualitat; starke MDF Boden; lackiertes Metall; Stabiler Stand, Bodenschonende; KunststofffuBe,extra Querstreben; zur Stabilisation; Tragkraft: Pro MDF-Boden; kg; 175 kg; Egal ob Speisekammer, Keller,; Garage oder Buro, Die Regale; eignen sich ideal um Ordung; & PLatz zu schaffen.",item_weight,175.0 kilogram
311997,R; MASKO; 160cm; ABMESSUNGEN; Hohe:160cm; Breite:80cm; Tiefe: 40cm; TRAGKRAFT; Pro MDF-BOden 175 kg; kg; Insgesamt 700 kg; 40cm; 80cm,item_weight,175.0 kilogram
281678,Tamiza el matcha; Sievethe matcha; 1gr =100 ml; Medio cucharilla de matcha; Half a teaspoon of matcha; How to make; BONSAL MATCHA; at home?; Anade la leche caliente; Anade un poco; de tu elleccion; de agua caliente; Add your choice of hot milk; Add a bit of hot water.; 5; Mezcla para disolver; Mix to disolve; BONSAI; MATCHA,item_weight,1.0 gram
318770,100W/5A; 100W/5A; JW/5A; 100W/5A,wattage,100.0 watt
318770,Up to 100W; of Power Delivery; for Rapid Charging; Charging rate:; Our-Wosixima; 100%; Others; 100W/5A; Support PD 3.0/PD 2.0/QC 2.0/QC 3.0/AFC,wattage,100.0 watt
318770,Durable &; Tangle-Free; Reinforced Cable Joint; 15000+ Bend Test; Other; VOMOOA,wattage,100.0 watt
318770,Strengthen Stainless End Tip; Easy to Crack; Front; Back; 100W/5A; Fragile Seam; 100W/5A; 100W/5A; o Seamless Stretch; Seam Riveting; Process; Process,wattage,100.0 watt
241608,LUX ELEMENTS; XELEMEN; UX ELEMENTS-COL-MA,item_weight,460.0 gram
955292,capslocke; shiftt; Data Transfer; up to 5Gbps,wattage,3.0 watt
767202,print-klex; orintkiex; Der Druckerzubehorfachhandel; 100%; 3JAHRE; kompatibel; GARANTIE; 3 jahre Garantie; 1005kompatibel; Optimale Farbresonanz; Premium Tonerkartusche; Kompatbe oneratusche; 3Jahre Garantie; Qualitat ist unsere Werbung; nU2GLG MGLpnU8i,item_weight,23.0 kilogram
369753,"GIA; ** * *  5-sterne-garantie.deKLINISCH GETESTET; SEHR GUT; mat; Schaebens Kaktus Gel Maske; 72h Nonstop Feuchtigkeits Maske.; Mit Feigenkaktus, Aloe Vera und Konjakwurzel; VEGAN; 72h Nonstop Feuchtigkeit; 0 langanhaltende Hydration;  regeneriert gestresste Haut sofort; erfrischender Cooling Effekt; men und besitzen daher die ausgepragte Fahigkeit, ganz besonders vie!; Feuchtigkeit zu speichern. Die leichte Gel Maske mit einem Komplex aus; wertvollem Feigenkaktus-Extrakt, Aloe Vera und Konjakwurzel ist daher; ein effektiverDurstloscher"" fur die Haut. Sie wird schnell von der Haut; aufgenommen und fullt sofort die Feuchtigkeits-Depots.Der Teint wird 72h; lang mit intensiver Feuchtigkeit versorgt..; Zusatzlich bietet die leichte Formulierung gestresster Haut eine Extraportion; Pflege und Regeneration. Der dezente Cooling Effekt sorgt fur Erfrischung; glatte und zarte Haut.; MikroplastikPEGsSilikoneParaffine; Anwendung:GleichmaBig auf die gereinigte Gesichtshaut und Dekollete.; auftragen. Augen- und Lippenpartie aussparen. Nach ca. 10 Minuten; Einwirkzeit die Reste der Maske sanft einmassieren oder mit einem Kos-; Frische-Kick vor der Anwendung im Kuhlschrank lagern.; Ingredients: Aqua, Glycerin, Propylene Glycol, Aloe Barbadensis Leaf Juice Powder.; Amorphophallus Konjac Root Powder, Chondrus Crispus, Menthyl Ethylamido Oxalate,; Opuntia Ficus-Indica Stem Extract, Benzoic Acid, Carbomer, Dehydroacetic Acid; Ethylhexylglycerin, Parfum, Phenoxyethanol, Sodium Chloride, Sodium Hydroxide, Sodium; Polyacrylate, Sodium Sulfate, Tetrasodium Glutamate Diacetate, Cl 13015, Cl 42090.; Kennen Sie auch schon unsere anderen Schaebens Produkte? Entdecken.; Sie mehr dazu auf www.schaebens.de..; UNSER UMWELTVERSPRECHEN; 0%; MIKRO; PLASTIK; schaebens.de/pb-1001; 3x 5 ml fur 3 Anwendungen; Made in Germany; Artikel-Nr.2148; Schaebens-50226Frechen; *www.schaebens.de; 003573021485",item_volume,3.0 millilitre
365637,"Coconut Cookies.; Sugar Free; Premium Quality; Marketed By; Nutrition Facts; AADHYA NITYA FOODS; 306, Tower 12, Lotus Panache Sector 110 Noida; Amount Per 100g; Sector-110 NoidaNoida City Zone-5, Gautam; Mid Break; %Daiy Value*; Buddha Nagar, Uttar Pradesh-201304; E-mail : support@themidbreak.com; Energy; 432 Kcal; Website :-themidbreak.com; Total Fat; 22.4 g; Sugar Free; Contact No.+918920237943; 15.7 g; Jssai No. : 22722926000273; Saturated Fat; Coconut Cookies; Trans Fat; 0g; Mfd By; 0 mg; JYOTI FOOD INDUSTRIES; Cholesterol; A-45Sector-A-4 Industrial Area; 0.25 g; INGREDIENTS : Whole Wheat Flour, Refined Wheat Flour,; Tronica City Ghaziabad (U.P.); Sodium; Edible Vegetable Oil (Transfat Free), Desiccated Coconut,; Issat No.12715052000034; Total Carbohydrate; 55 g; lodized Salt,Sweeteners (E965- Maltitol, FOS L95) Leavening;  Dietary Fibre; 2.5 g; Agents, Permitted Flavours & Emulsifying Agents. Raising; Sugars; 0.0 g; Agents [INS500 (i) INS503 (i]; Net Weight :300g; 20.0 g; M.R.P:230.00;  Polyols; CONTAINS ADDED FLAVOUR;  Protein; 9.5g; (NATURE IDENTICAL FLAVORING SUBSTANCE); (Incl. of al aees); Mfg. Date :; ALLERGEN:WHEAT; MAY CONTAIN TRACES OF MILK,; Batch No. :; SOYA AND NUTS; RAAEER; STORE IN A COOL AND DRY PLACE; BEST BEFORE 5 MONTHS FROM DATE OF PACKAGING",item_weight,300.0 gram
810266,2.20 inch; CAPACITY; 80ML; 2.25 inch; WEIGHT; 2 inch; 100gm,item_weight,100.0 gram
639090,CHOCOLATE ORANGE; CRUNCH; Chocolate Orange Snack Bar; Skinny Chocolate Orange Crunch Bar with orange; mnmy; FIBRE; CRUNCH; HONEYCOMB SNACK BAR; 5%; CRISPY CEREAL & HONEYCOMB BAR; CORTED IN MILK CHOCOLATE; Skinny; Less than; 75; CRUNCHO; Calories; Mint & Dark Chocolate Snack Bar; Chocolate Mint Crunch Bar with; Sbinnu; FIOR; LESS,item_weight,22.0 gram
731432,ITALITY; CREATINE; GUMMIES; 60 GUMMIES; 3G PER SERVING; VEGAN GLUTEN FREE; FOOD SUPPLEMENT,item_weight,3.0 gram
731432,"ITALITY; ESTED USE:; NUTRITIONAL INFORMATION; Amount Per Serving (2 Gummies):; %NVR""; to 2 gummies daily.Do not exceed the; ecommended daily dose.; Creatine Monohydrate; NVR=Nutrient Reference Value; CREATINE; pplements must not be used as a substitute; =NVR Not Establoshed; ried and balanced diet and a healthy; .If you are pregnant, breastfeeding taking; dications or under medical supervision,; consult a doctor or healthcare professional; INGREDIENTS:; se.Discontinue use and consult a doctor if; GUMMIES; Creatine Monohydrate, Water, Pectin, Citric; reactions occur.Keep out of reach of; Store in a cool, dry place.Do not use if seal; n or missing; Colour, Carnauba Wax, Xylitol, Maltitol.; e Vitality; Mo; 60 GUMMIES; 3G PER SERVING; owne Road; 3C; 100%; VEGAN GLUTEN FREE; Lingdom; FOOD SUPPLEMENT",item_weight,3.0 gram
731432,"NUTRITIONAL INFORMATION; Amount Per Serving (2 Gummies):; %NVR*; Creatine Monohydrate; *NVR =Nutrient Reference Value; +; t=NVR Not Establoshed; INGREDIENTS:; Creatine Monohydrate, Water, Pectin, Citric; Acid, Soduim Citrate, Natural Flavour, Natural; Colour, Carnauba Wax, Xylitol, Maltitol.; pe; e; ex; 3G; 100%; V; S",item_weight,3.0 gram
731432,"SUGGESTED USE:; Take up to 2 gummies daily. Do not exceed the; stated recommended daily dose; Food supplements must not be used as a substitute; for a varied and balanced diet and a healthy; lifestyle. If you are pregnant, breastfeeding taking.; any medications or under medical supervision,; please consult a doctor or healthcare professional; before use.Discontinue use and consult a doctor if; adverse reactions occur. Keep out of reach of.; children. Store in a cool, dry place. Do not use if seal.; is broken or missing; Sunshyne Vitality; 215b; 2 Lansdowne Road; Croydon; CR92ER; United Kingdom; 065015; 230175",item_weight,2.0 ton
150913,AGE GROUP; 0-36M; WEIGHT CAPACITY; 15 KGS; ist Step,maximum_weight_recommendation,15 kilogram
630869,5.5cm; 5.5cm; 5.5cm; 6cm; Weight:14.8g,item_weight,14.8 gram
675317,2kg; Saver Pack; NAKPRO; NUTRITION; WHEY; GOLD; WHEY PROTEIN CONCENTRATE; NO ADDED SUGAR; INSTANT SOLUBLE; 100% PROTEIN FROM WHEY; MANGOFLAVOUR; NET WEIGHT : 2Kg (4.40lbs); nakpro.com,item_weight,4.4 pound
