group_id,text,entity_name,entity_value
483370,PeKeMoy; AREET; ARKERO-G; CAROSLEEVES; CE,item_weight,10.0 gram
630869,SKIN FRIENDLY; MEDICAL BRACELETS; 316LSTAINLESS STEEL; WATERPROOF; HYPOALLERGENIC; HEALTH INFO; SCAN ME; Weight:19.2g/0.68oz; QRCODE DIALTIPS1:; QRCODE DIALTIPS2:; QRCODE DIALTIPS3:; Do not wipe with cotton; Washable and air-dried; Do not rub into sharp; and wool products; only; objects,item_weight,19.2 gram
932012,"(Optional); REMOTE CONTROL; 2.4G; (Optional); APP CONTROL (OPTIONAL); Ok.; (Optional); VOICE CONTROL; Alexa, Open the shade.",item_weight,2.4 gram
932012,8KG; RUGGED HEADERS; LOAD-BEARING,item_weight,8.0 kilogram
932012,90m; 60ml; 207,item_weight,4.0 ounce
181357,"Tips: 550; Prelit: 150; Package Size:34""9*9 IN; 5FT; Weight: 12 lbs; 24 IN",item_weight,12.0 pound
658003,FELT COVERED BASE DAMPENS; NOISE; 2; 12; 10; DICE NOT INCLUDED,item_weight,5.0 gram
281678,XHEHAP; H; Premium Quality; 3C; HERBALTEA; 3C; Hibiscus; 30; H; AHH; GREYSTONE; OIC; Premium Quality; PURE HIBISCUS; HAH; 70-100'0; XHXHH; USDA; Ingredients:organic hibiscus flowers; ORGANIC; Caffeinet,item_volume,"[70.0, 100.0] millilitre"
179080,BAFANG; 9; BBS01B36V250W; QCPass; CE; MADE IN CHINA; BBS01B36V250W; QC Pass; MADE IN CHINA,voltage,36.0 volt
801829,DIMENSION; ADJUSTABLE; 53cm; 85 cm; 26 cm; 114-122cm; 8cm; 50 cm; 31cm; 52 cm; 37 cm; 29-37cm; Height:; 8 cm; Weight:; 150KG,item_weight,150.0 kilogram
449021,SIZE; CHART*; *8 OZ AND 10 OZ SIZE ARE; GALLAN; RECOMMENDED FOR KIDS; GLOVE; FIGHTER; WEIGHT; WEIGHT; 8OZ; 36-45KG; 10OZ; 45-54KG; 12OZ; 54=64KG; ATOMIC; 14 OZ; 64-73KG; SERIES; 160Z; 73-82KG; GALLANT; #GOTHEDISTANCE,item_weight,10.0 ounce
730429,SET; 00:60; G.; 2; AM PM; %0,item_weight,0.0 gram
810266,To my; BONUS DAD; YOU DIDN'T GIVE ME; THE GIFT of Le; Thank; BUT YOU SURE MAKE; you; MY LIFE Bete; FOR; STEPPING; PPT; THE BOND BETWEEN US; INAND; Becoming; IS AN ENTERNAL ONE; THE; It's notDNA; DAD; FLESH or BLOOD; ButHeart; YOUDIDNT; Have; ZLOCm; TO; BE; THAT; FAMILY; OVINGLY ROASTED INTOLEDO.OHIO; MAKES; US,item_weight,340.0 gram
459516,SOPADDIOTION; 2X60g; Peonte; STOP ADDICTION; f; Peond; STOP ADDICTION; STOP ADDICTION; For Happy Life; 2X60g; IvedioProduct,item_weight,60.0 gram
459516,"Brahmi (BACOPA MONNIERI); HOW; Powerful Herb To Take During; The Treatment Intake ,Redu-; ces Craving And Also Good-; KEY; ARJUNA CHHAL(TERMINALIA ARJUNA); Protects Heart And Many Vita; Organs; NGREDIENTS; Vadirikund(LPOMEOEA DIGITATA); Indian Kudzu Used Widely For; WORK; Alcoholism ,Protects Liver,; Best Tonic; PUNARNAVA(BOERHAAVIA DIFFUSA); Antialcoholic In Action. Pro; tects Liver And All Organs.; BHRINGRAJ(ECLIPTA ALBA); STOP ADDICTION; it's Juice Has Power To Check; IR2 $yphic dy e eyfE uzk; The Adverse Effects In Liver; Caused By Alcohol; Peonda; AMLA(EMBLICA OFFICINALIS); STOPADDICTION; STOPADDICTION; Detoxifies The Body Against; Many Poisons Protects Liver",item_weight,266.0 gram
459516,100%; HERB; Peonga; Deon; STOP ADDICTION; STOP ADDICTION; 100%; SAFE; Peonoo; 00; STOP ADDICTION; bhe ay  e uzk; NO Side; For Happy Life; 2X60g; Ayurvedic Producte; Effects,item_weight,60.0 gram
241608,"16G; 16G; 18G; 20G; Lordear; X-shape long waterlines; 16 gauge heavy duty sink; Workstation design; 4 corners water tlow into; Superior quality material commercial; Ledges track provides; the drain fast; grade finish,long lasting and scratch &; more space to use; no blockge; stain resistance",item_weight,16.0 gram
299791,INFORMATION; Male; Women's; Chain length; Chain length; 55+5cm; 60+5cm; Color photo; 23 mm; 28 mm; 13 mm; 18 mm; Chain length:; Necklace; Weight:; About 14.2g; cZ:; 2x2 / 3x3mm; Material:; Alloy; +The size of the product is measured manually and may be subject to marginal error,item_weight,14.2 gram
237000,"Le sac""; enpapier; Cesac est fabrique; a partir de papier vegetal.; 100% naturel.; Double cpaisseur 180g/m:; kraft blanc double; de kraft brun; Contenance:33 litres; 100% Ecographik.; Ne le jetez pas.; II peut servir plusicurs fois; Lesac; Lesac; en papier; en papier; Cesoubop; apatideppergd; D1og; kn; etlen; JERN",item_weight,180.0 gram
483370,7 in718 cm; Product Material: PVC; Product Weight: 1.1 Ib/ 500 g,item_weight,1.1 pound
179080,,voltage,25.0 volt
955292,Muc; hfox; Supports; 20w fast charging; Play games or watch movies without; draining your battery,wattage,20.0 watt
898898,,item_weight,2.0 kilogram
630390,PNOPTIMUM.; OPTIMUM; NITTTNN; OPTIMUM; OPTIMUM; NUTRITION; NUTRITION; GOLD STANDARD; GOLDSTANDARD; WHEY; WHEY; 00; FOR MUSCLE; 24g; 5.5g; 100E PROTE; FOR MUSCLE; 24; 5.5g; ROWE PROTEN; SUPPORT E; WMEY PROTENISOLA; SUPPORT E; RECOVERY; RECOVERY; ATORTVENDURANC; WHEYPRSTENISOLATE; OOENORANCE; DOUBLE RICH CHOCOLATE FLAVOUR; 24g; FOR MUSCLE; 5.5g; SUPPORT&; PROTEIN; BCAAs'; WHEY PROTEIN ISOLATE; RECOVERY; PRIMARY SOURCE; HELPS BUILD AND; SUPPORTS ENDURANCE; MAINTAIN MUSCLEI; AND RECOVERY; PROTEIN POWDERDRINK MIX 5 Nx 30.4 g Sachets; NUTRACEUTICAL; BANNED; NETWT.; 152g; SUBSTANCE; TESTED,item_weight,152 gram
630390,TRUSTED BY THE WORLD'S BEST; ATHLETES FOR 35 YEARS; 24GMPR0TEINN30.4GM; SERVE (79%PROTEIN); ZERO ADDED; SUGAR; WHEYPROTEIN ISOLATE; PRIMARY SOURCE; GLUTEN FREE; ONRUTRITION; OMSRUTMUION; GOLD STANDARD; WHEY; GOLD STANDARD; WHE; 455; DOUBLE RICH CHOCOLATE FLAVOUR; 5.5GM BCAA; EASY TO MIX; FOR MUSCLE; NATURALLY OCCURRING; SUPPORT&; 24N; 5.5.9; RECOVERY; MELPSANUILDSCLE; WHEYRRSTEINISOLATE; PROTEIN POWDER DRINK MIX 5 N x 30.4 g Sachets; NUTRACEUTICAL; BANNED; NETWT.152g; CHOICE; REGULARLY; ONLY 3GM OF; TESTEDFOR; WE; BANNED; CARBS PER SERVE; SUBSTANCES,item_weight,152 gram
630390,ON; OPTIMUM; NUTRITION; WITH; WHEYPROTEIN; ISOLATE; ASPRIMARYSOURCE; 24g; PROTER; ON; GOLD STANDARD; SWHEY; DOUBLE RICH CHOCOLATE FLAVOUR; RISHABH PANT; PROTENPOMCA; 530.4; GAME CHANGER,item_weight,152 gram
630390,TRIALPACK; #FitOnTheGo; 5SINGLE; SERVE; SACHETS; OM; OM; GOLDSTANDARD; GOLD STANDARD; WHEY; OWHE; METWT; DOUBLE RICHCHOCOLATE FLAVOUR; FOR MUSCLE; 24.a; 5.5.0; SUPPORTE; RECOVERY; PROTEIN POWDERDRINKMX 5N x30.4 g Sachets; NUTRACEUTICAL; BANNEO; NETWT.152g,item_weight,152 gram
810266,Shiv Shakti Arts.; Exclusive Pooja & Spritual Items; COPPER; Width - 12 cm; Total Weight - 235 Gram Approx; w 9'0l - yyb?; SSA; 800 Ml Approx,item_weight,235 gram
993359,Shan; RECIPE &SEASONING MIX; Haleem; Mnge deVde  e ; sch&LinsenM; MEAT&LENTIL MIXS; e50g/1.76oz,item_weight,1.76 ounce
204245,Side Grip Provides more; Durability and Lifting; Weight; Limit; 25K; g,maximum_weight_recommendation,25 kilogram
347404,kraft seeds; ls; Your one stop shop for; gardening needs.; OFINDIA; Kraft; Kraft; COCOPEAT SUPERB QUALITY; g(Biock),item_weight,4.5 kilogram
929999,TAX; 00|080; GRAMS; POUNDS; THE GIANT SLAYER!,item_weight,80 gram
929999,30; LBSTENSION; LBS,item_weight,30 pound
524635,KAJAH; KAJAH; OIL; OIL; Instant; Instant; Pain Relief; Pain Relief; 5 ml; 5ml; KAJAH; KAJAH; KAJAH; OIL; OIL; OIL; Instant; Instant; Instant; Pain Relief; Pain Relief; Pain Relief; 5 ml; 5 ml; 5 ml,item_weight,5 millilitre
524635,KAJAH; OIL; Instant; Pain Relief; KAJAH; OIL; 5 ml; 5ml; Instant; Pain Relief,item_weight,5 millilitre
442321,"15KG; 60cm/23.6""; 40cm/15.7""; MAS 95cm/37.4""; MIN61cm/24""; 57cm/22.4""; 40cm/15.7'",item_weight,15.0 kilogram
442321,"15KG; 60cm/23.6""; 40cm/15.7""; MAS 95cm/37.4""; MIN61cm/24""; 57cm/22.4""; 40cm/15.7'",height,95.0 centimetre
459516,"Horbaach; Reishi; Mushroom; 10,000mg; From 5:1 Extract; 100Capsules; Food Supplement",item_weight,10000 milligram
459516,"Horbaach;  Equivalent to 10,OoOmg of; Reishi Mushroom Extract; (Ganoderma lucidum) daily; Reishi; Mushroom; Standardised to contain 35%; polysaccharides.; 10,000mg; From 5:1 Extract; 100Capsules; Food Supplement; Horbaach",item_weight,10000 milligram
459516,"GLUTEN; FREE; Horbaach; SOY; Reishi; FREE; Mushroom; 10,000mg; DAIRY; From 5:1 Extract; FREE; 100Capsules; Food Supplement; FREE FROM; PRESERVATIVES; Horbaach",item_weight,10000 milligram
459516,"Horbaach; 100%; HIGHEST; Horbaach; QUALITY; TO ; GMP; Reishi; Mushroom; GMP; .; .; 10,000mg; An; From 5:1 Extract; 100Capsules; Food Supplement; Horbaach",item_weight,10000 milligram
752266,O; O,item_weight,2.4 gram
730429,235mm/9.25inch; PM; AL; 93mm /3.66inch; TEMP; Receive; 18mm/0.7inch; Weighs 235 grams,item_weight,235.0 gram
299791,19.9*19.4MM; Weight:6.1g; Length:45+5cm,item_weight,6.1 gram
459516,"QUALITYIS OUR TOP PRIORITY; AND IT IS THIRD PARTY; ACCREDIA,; iac-MRA; LAB N0699L; Ecam; Ricert; XMERIEUX; aMerieux NutriSciences Company; Test Report n.21LA04600 of the day 22/03/2021; Sample matrix; Dietary supplements; Sample description:; TURMERIC-CIRCUMIN BATCH:11120 EXP11/2023#; Customer; 00100 HELSINKI-F; Lonnrotinkatu n.5; Sampling date:; 10/03/2021; Delivered by:; 16/03/2021; Analysis start date; 16/03/202; Analysis end date:; 22/03/2021; Microbiological Analytical Results; U.M.; Results; Uncertainty; Total aerobic microbial count; CFU/g; 190; 120-310; EU PHARMA 01/2021:20612; CFU/g; <10; cteriaceae; N.A.; CFU/g; <10; N.A.; CFU/g; <10; N.A.; has been; EU PHARMA 01/2021:20612; <10; N.A.; Enumeration of moulds; CFU/g; 20612; CFU/O; AAVALABS; <10; N.A.; U PHARMA 01/2021:20612; eengan; Detection of Salmonella; 25g; Absent; N.A.; EU PHARMA 01/2021:20612+01/2021:20613+01/2014:20631; .that's; Chemical Analytical Results; Sinthe; TURMERIC; U.M.; Results; Uncertainty ; mg/kg; ath; 0,280; 0,052; elowyou; mg/kg; 0,003; 0,001; CURCUMIN; mg/kg; 0,25; 0,05; anlfe.; mg/kg; 0,068; 0,013; WITH PIPERINE; d by ACCREDIA; Page 1 of2; SASRLEMEN; ADOPT THE PACE OF NATURE; ject to the dir; Head Office Viale del Lavoro 6.360; ATa.0 01650050246 R.E.A Vicenza 175400 fully paid up 75.00; FCHILDREN; RALPH WALDO EMERSON; 180CAPSULES",item_volume,699.0 litre
523149,0.08ct; 3mm; 375 - 9k; 2g; 2.3mm,item_weight,2.0 gram
347404,Weight; 3.7g; 3.8cm/1.5in; 5.4cm/2.1in; 5.2cm/2in; Excellent Drainage; Design;  Raised bottom;  Multiple mesh drainage hole; Root ventilation channel,item_weight,3.7 gram
628971,Morrisons; THE-; BUTCHER'S; -ON MARKET STREET; BRITISH CHICKEN; THIGHS; 1kg; SUPPLIED BY BRITISH FARMS TO; ASSURED WELFARE STANDARDS; FP; f/kg; Use by; PREPARED AND READY TO COOK; Keep refrigerate; 100g as consumed) provides..; ENERGY; 818ka; 10.9g| 2.9gnil O.25g; STAARRS; Freezable; f an Adult's Reference Intake,item_weight,1 kilogram
529606,YANKee CANDLe; RAFTSM; SINCE; SUNNY DAYDREAM; 1969; 040; REVERIE AU SOLEIL; DEPUIS; AIRED,item_weight,104 gram
529606,YANKEe CANDLe; SUNNY DAYDREAM; 623 g,item_weight,623 gram
