group_id,text,entity_name,entity_value
459516,"/191; Nature's Way To Wellness; EASY TO; SWALLOW; & DIGEST; Our capsules; are designed; to be easily; swallowed; and digested,; manufactured; in the EU; using the; highest quality; ORGANIC; ingredients.; TRIBULUS; 1500; 90; RAYS; IADE IN; 3D PARTY TESTED; EU; GMP CERTIFIED; SUAEN; PRACTICE",item_volume,500.0 millilitre
630869,"Sonder; Angebot!; KIM JOHANSON; 10%; Kaufe 3 Produkte von; uns und spare 10%; -20%; Kaufe 6 Produktevon; uns und spare 20%; Du kannst unsere Artikel ansehen, wenn du; auf Kim Johanson direkt beim Produkttitel klickst; Lege einfach die Artikel in den Warenkorb.Der Rabatt wird automatisch; an der Kasse abgezogen.Klicke dazu auf ,Zur Kasse gehen; Das Angebot gilt fur unser gesamtes Sortiment.",item_weight,3.0 pound
459516,"Supplement Facts.; Serving Size 2 Capsules; Servings per Container 30; Milk; Thistle; Amount per Serving; % Daily Value; Bioactive Lipid Blend; 750 mg; Beta sitosterol complex; (>95% sterols / 40% beta sitosterol); Berberine HCI; Botanical Cholesterol Blend; 750 mg; Artichoke; Milk thistle seed extract (80% silymarin).; Leaf; Globe artichoke leaf extract; Garlic bulb extract.; *Daily value not established.; Other Ingredients: Vegetarian capsule (HPMC), vegetable; magnesium stearate,bamboo extract; Berberine",item_weight,750.0 milligram
308671,HERITAGE+; 0890; new balance new balace; new; TC1260; BUS,item_weight,8.0 gram
299791,1.81inch; 1.02inch; MATERIAL: Stainless steel; COLOR:; Steel color/Black/Golden; WEIGHT23G; WARM PROMPT; Manual measuring not rule out the possibility of; error.the above parameters are for reference; Chain length:20+2inch; only.specific in kind prevail,item_weight,23.0 gram
630869,20.5cm; Stainless steel; High polished; 8mm; 38mm; Silicone material; Length:13-18cm; Weight:9.8g,item_weight,9.8 gram
442321,Standfeste Trapezformige Struktur; dug; DrpeXSA; Tischbein aus; Kohlenstoffstahl; 198LBS; Maximale; Belastbarkeit 198LBS,item_weight,198.0 pound
991868,Paketschutz; Eckenschutz; PO:COL302001D; Spiegelschutzfolie; LM03BTDZ; EMKE; LMDZ; Styropor- und.; Schaumverpackung; M51; Schaumschutzdicke; 35mm,item_weight,9.0 kilogram
208023,Abhinav; JULY:::; 09; 03:08; B+; NW; 2.5KG; HOSPITAL; ZANANA; PARENTS; Vishal & Ranu,item_weight,2.5 kilogram
593600,TAGLIE; cE; BICI:CE EN1078SCICE; PESOMEDIO TAGLIA M750; XS-S-M-L-XL-XXL; EN1077; +/-50GR; CALOTTAIN; VERNICIATURA; AIR STREAM SYSTEM; TERMOPLASTICA; ANTIGRAFFIO; VISIERA SAGOMATA CON; TRATTAMENTO; INTERNI REMOVIBILI; GUANCIALIREMOVIBILI; ANTIGRAFFIO; INTERNIDAL TESSUTO; COLLARINO PARANUCA; SOTTOMENTO REMOVIBILE; SOFFICE; REMOVIBILE; ANELLO ANTIFURTO AL; FIBBIA MICROMETRICA; PASSAOCCHIALI; CINTURINO; ELASTICOFERMACINTURINO,item_weight,50.0 gram
459516,Kotta; NILIB; Each 10 ml prepared out of; me; B; Part; Faers; Dhaegha); SAX; Tee; Gap; Natin; Doate; facet; SLXI; 000; The product colour depends; ARYA; on processing season; KOTTW,item_volume,10.0 millilitre
459516,SREAK SEALANBSSS; adcMedioine; FOR EXTERNAL USE ONLY; GADI; Max.Retail Price :; cofall taxes; Batch No; Mfg.Date; Exp.Date; Manufactured and packed by; Vaidyaratnam P.S.Vanier's; Arya Vaidya Sala.Kottakal; Kotakkal-676503.KeralaIndia; E-mail:cu; Mfg.Lic.No.1/25D/76; 8904059160741; Net Content:200 ml; ISALA; StorageKecp ina cool &dry placc; Protect from direct sunlight; Processing season may affect; the physical features of the product,item_volume,200.0 millilitre
299791,Necklace Length:50cm/19.68inch; Stainless Steel Chain; Weight:4.1g,item_weight,4.1 gram
630869,NFORMATION; PRODUCT; (Series)Birthstone Bracelet; (Material)Rhodium Plated; (Weight) 9.2 g (About); (Stone Size) 3.53.5 mm; Adjustable; Length:175+50 mm; Cubic Zirconia; Name3; 18 mm; Rhodium Plated; 9 mm; TIPS : manual measuring permissible error.Pleose take the actual product os the standard.,item_weight,9.2 gram
308856,SANCIUM,item_weight,600.0 gram
308856,FEEDING RECOMMENDATIONS; UPTO; 1to2; 20KG; BODYWT.; BONES/DAY; MORETHAN; 2t0 4; 20KG; BONES/DAY; BODYWT.; ORASRECOMMENDEDBY; THEVETERINARIAN,item_weight,20.0 kilogram
731432,25; STICKS; open here; Hydraid; HYDRATION; hier offnen; HELPER; HYDRATION; Carbohydrate-electrolyte solutions enhance; HELPER; the absorption of water during physical exercise.; KEY ELECTROLYTES; olonesolutions; REFRESHING; ELECTROLYTE; p!nJphi D; DRINKMIX; 30; Hydrates faster than water alone.; BERRY 25Sticks a1299; Naturaltaste-no artificialflavour-vegan,item_weight,13.0 gram
731432,"MEME FORMULE.; NOUVEAU LOOK; 225; O Hydraid; HYDRATION; O Hydraid; HYDRATION; HELPER; HELPER; Carbohydrate-electrolytesolutions enhancethe absorption; ofwaterduring physicalexercise.; REFRESHING; FASTERHYDRATION; ELECTROLYTE; KEYELECTROLYTES; DRINKMIX; Hydrates faster thanwateralone.; Hydratesfasterthanwateralone.; BERR; 25 Sticks a 13galeralaste-noartikcallavorsorcolours vege; Pendant la phase de transition, il se peut que tu recoives ton Hydration Helpei; dansl'ancien ou le nouvel emballage",item_weight,13.0 gram
731432,REHYDRATATIONRAPIDE; APRESLESPORTET LAFETE; Equilibre electrolytique; Puissance musculaire2; Magnesium & potassium; Support immunitaire3; O Hydraid; Vitamines C & B12; 1.Le magnesium contribue a l'equilibre electrolytique.; 2.Le potassium et le magnesium contribuent a une fonction musculaire normale.; 3.Les vitamines C et B12 contribuent a un fonctionnement normal du systeme immunitaire,item_weight,1000.0 milligram
908443,FULL METAL SPINNING REEL; SUPER; LIGHT; ONLY; 264G; MODEL; BALL BEARINGS; GEAR RATIO; WEIGHT; LINE CAPACITY(MM/M); HE1000; 12 BB; 5.2: 1; 202g; 0.15/1800.18/1600.24/100; HE2000; 12 BB; 5.2 : 1; 211g; 0.15/2000.18/1800.28/100; HE3000; 12 BB; 5.2 : 1; 224g; 0.18/240 0.20/200 0.34/100; HE4000; 12 BB; 5.2 : 1; 265g; 0.20/2400.25/2000.37/100; HE5000; 12 BB; 5.2 : 1; 271g; 0.30/2000.35/1600.40/100; HE6000; 12 BB; 5.2 : 1; 363g; 0.35/2000.40/1600.50/100; HE7000; 12 BB; 5.2 : 1; 380g; 0.40/240 0.45/2000.55/100,item_weight,264.0 gram
308856,FEEDING TABLE; 24H; Dog weight; 26 kg; 28 kg; 30 kg; 32 kg; cup; (g); cup; (g); (g); cup; (g); cup; E; I; 302; 3+4/8; 320; 3+6/8; 336; 3+7/8; 353; 4+1/8; 350; 4; 370; 4+2/8; 390; 4+4/8; 409; 4+6/8; 1/2; :; 1/2; 398; 4+5/8; 420; 4+7/8; 443; 5+1/8; 465; 5+3/8; DOG ACTIVITY; Normal activity; 34 kg; 36 kg; 38 kg; 40 kg; (g); cup; (g); cup; (g); cup; (g); cup; Activity; 370; 4+2/8; 386; 4+4/8; 402; 4+5/8; 418; 4+7/8; 428; 5; 447; 5+1/8; 465; 5+3/8; 483; 5+5/8; 486; 5+5/8; 508; 5+7/8; 529; 6+1/8; 549; 6+3/8; cup; ME = 3619 kcal/kg; = 240 ml (= 86 g),item_weight,34 kilogram
299791,"GEMS TESTING LAB VARANASI; Gemstone Identification Report; Mob:+91-8601002609; Serial.No:; GTLV/19/415003 NATURAL MONALISA BEADS; Colour:; Light Green; Weight:; 72.57 grams; Shape &cut:; String; Transparency:; Semi-Transparent; Optic Character:; Anisotropic (D.R; SG:; 2.63-2.68; R.I.:; 1.544-1.553; Hardness:; 7; Comment:; MONALISA BEADS MALA; Amarjeet Singh,Gemologist(llGJ)",item_weight,72.57 gram
459516,Nutritional Information (Chia Seeds); Nutrients; Amount Per 100 g*; %RDA**; Energy; 511.30kcal; 25.56; Total Carbohydrate; 42.12 g; Sugar; 0.0g; Dietary Fiber; 34.4 g; 114; Protein; 16.54 g; 30.62; TotalFat; 30.74 g; 45.88; Saturated Fatty Acids; 3.33 g; 15.13; Polyunsaturated Fatty Acids; 23.66 g; Omega 3 Fatty Acids (ALA); 17.8 g; --; Monounsaturated Fatty Acids; 2.30 g; --; TransFat; 0.14 g; 7; Cholesterol; 0 mg; 0; Calcium; 631 mg; 63.10; Magnesium; 335 mg; 76.13; Zinc; 4.58 mg; 26.94; *Approximate Values,item_weight,100 gram
731432,BM; BIGMUSCLES; NUTRITION; BCAA; ENERGY; PERFORMANCE; ENHANCING; BCAA FORMULA; MANGO BLAST; NETWT.180G,item_weight,180 gram
731432,TO SUPPORT; ENERGY; ENDURANCE; 200MG; ELECTROLYTE; EREHYDRATION; OPTIMIZER; BM; BIGMUSCLES; BCAA; ENERGY; PERFORMANCE; BCAA FORMULA; ENHANCING; PINK GUAVA; NET WT.180G,item_weight,180 gram
731432,TO SUPPORT; PERFORMANCE; &FocuS; 500MG; TAURINE; M; 200MG; BCAA; CAFFEINE; FROMNATURAL; ENERGY; RESOURCE; PERFORMANCE; BCAAFORMULA; ENHANCING; MANGO BLAST,item_weight,180 gram
731432,SUPPORTSMUSCLEPROTEINSYNTHESIS; DECREASE PROTEN CATABOLISM; ENHANCED RECOVERY; BM; RIGMUSCLES; MRIGMUSCLES; BM; BIGMUSCLES; BCAA; BCAA; BCAA; ENERGY; ENERGY; ENERGY; PERFORMANCE; PERFORMANCE; PERFORMANC; ENHANCING; BCAA FORMULA; ENHANCING; BCAA FORMULA; GREEN APPLE; BCAAFORMULA; PINK GUAVA; NETWT.180G; TROPICAL MADNESS; NETWT.180G; NET WT.180G,item_weight,180 gram
731432,BM; M; BCAA; BCAA; ENERGY; ENERGY; PERFORMANCE; ENHANCING; GREEN APPLE; BCAAFORMULA; NET WT.180G; BM; BCAA; ENERGY; PERFORMANCE; ENHANCING; BCAA FORMULA; TROPICAL MADNESS; NET WT.180G; N; BCAA; BCAA; ENERGY; ENERGY; PERFORMANC; BCAAFORMULA; PINK GHAV; MANGO BLAST,item_weight,180 gram
630869,"Diameter; Weight:33g; 8mm; Black Agate; Tiger Eye; Durable double ro; Duable Free; Size Knot; Max circumference:11.8(30cm); Min circumference:7.5""(19cm); 0.631.6cm)",item_weight,33 gram
523149,20mm; 51MM; Antique Silver; Weight:12.8g,item_weight,8.0 gram
558374,Everlasting; GoBSTOPPeR; NETWTA; de color y do sabor; PESONETO; colors and flavors!; ZQZ50.1g; 7920023040,item_weight,1.77 ounce
881883,Shower curtain; Three-piece; Size; Size; 45cm; 37cm; Pedestal Rug; 180cm; 75cm; Shower curtain; Bath Mat; 42cm; Lid Toilet; Cover; 45cm; 37cm; 180cm; weight:350g; weight:360g,item_weight,350.0 gram
529606,YANKee CANDLe; MANGO ICE CREAM; GLACE A LA MANGUE; 567 g; NATURAL & SYNTHETIC FRAGRANCE; PARFUM NATUREL ET DE SYNTHESE,item_weight,567.0 gram
529606,SIGNATURE; YANKee CANDLe; MANGO ICE CREAM; GLACE ALAMANGUE; 567 g; ATURAL & SYNTHETIC FRAGRANCE; YANKee CANDLe; Iltuo spazio.La tuafirma.,item_weight,567.0 gram
529606,9cm; GLISTOPPINIIN; FIBRANATURALE; MIGLIORANO; L'ATMOSFERA; 16cm; ELEGANTEGIARAIN; VETROCON; ETICHETTE; YANKee CANDLe; ILLUSTRATEAMANO; MANGO ICE CREAM; GLACE A LA MANGUE; MISCELADLCERA; DISOIADI; QUALITAPERUN; 567 g; COLOREVIVACE; NATURAL & SYNTHETIC FRAGRANCE; PARFUM NATUREL ET DE SYNTHESE,item_weight,567.0 gram
529606,UN REGALOPENSATO; PEROGNICASA; YANKee CANDLe; MANGO ICE CREAM; 567 g,item_weight,567.0 gram
529606,YANKee; CANDLE; MANGO ICE CREAM; YANKEe CANDLeE; GLACE A LA MANGUI; 567 g; 567g; YANKee CANDLe; YANKee; CANDLe; MANCO ICECREAM,item_weight,567.0 gram
529606,YANKee CANDLe; MANGO ICE CREAM; 567 g,item_weight,567.0 gram
752266,4.72inch/12cm; E27 Socket; 7.08inch/18cm; AC 100-240V; 60W; Max Wattage; 7.48inch/19cm; BULBS ARE NOT INCLUDED,wattage,60.0 watt
752266,4.72inch/12cm; E27 Socket; 7.08inch/18cm; AC 100-240V; 60W; Max Wattage; 7.48inch/19cm; BULBS ARE NOT INCLUDED,voltage,"[100.0, 240.0] volt"
916768,88; E,item_volume,25.0 millilitre
893692,EASYJET MAXIMUM CABIN APPROVED; EROLITE; UNDERSEAT BAG; 2.4kg; 28L; WEIGHT; CAPACITY; 1M; HANDLE; HEIGHT; 100cm; LARGE CAPACITY; 45cm; 20cm; 36cm,item_weight,2.4 kilogram
120569,PROMAX; LARGEBREED>25KG; Paniabiocrytrom; WlennarySargeors; VetPlus,item_weight,25 kilogram
564709,Altezza regolabile 3X Antiruggine; Impugnature antiscivolo; manubrio inossidabile; Pulsante di smontaggio singolo; Chiusura in materiale di nylon.; resistentee design unico del; Non sono necessari; strumenti aggiuntivi; foro limite altezza regolabile e.; piu stabile; Piattaforma extra larga e spessa; Robusto per contenere fino a 50 kg,item_weight,50.0 kilogram
593600,Interngl and.; External Lightweight Materials; Suitable & Comfortable.; High-density; Impact; Shock; Lightweight; EPS Helmet; Resistance; Absorption; 263g/9.3 oz,item_weight,263.0 gram
507988,Tejido Strech Argentum:tratamiento; antibacteriano con iones de plata.; 2; Fibras Soft.; ?; 3; ?; Viscoelastica de alta densidad.; 4; Fibra de 250gr.; ?; 28 cm; 5; ViscoSoft 100% adaptable.; 6; Sistema TST:mejora la compactibilidad; del colchon.; 7; Nucleo exclusivo BioPur H.R.de alta; durabilidad.; 10; 8; Sistema TST: mejora la compactibilidad; del colchon.; 9; Fibras Atermicas:para mejorar la; regulacion de la temperatura.; 10; Tejido 3D Termofles:de gran; FIRMEZA:; media-alta; transpiracion.; Luxu,item_weight,250.0 gram
507988,Tissu Strech Argentum:Traitement; antibacterien aux ions d'Argent; 0; 2; Fibre Soft; ?; ?; 3; Mousse a memoire de forme haute; densite; ?; 4; Fibre250g; 28cm; 5; Viscosoft 100% adaptable; 6; SystemeTST:ameliore la compacite; du matelas.; 7; Mousse BioPur H.R exclusif:haute; durabilite; 10; 8; Systeme TST:ameliore la compacite; du matelas.; 9; Fibres athermiques pour ameliorer la; regulation de la temperature.; FERMETE:; Ferme/Mi-Ferme; 10; Thermofles 3D hautement respirants.; Luxu,item_weight,250.0 gram
459516,ONE; LIFE; FOODS; WILDHARVESTED; CHAGACHUNKS; ONELIFE; FOODS; WILD HARVESTED; SIBERIAN; CHAGA; CHUNKS; HAND-PICKEDFROM; SIBERIANBIRCH; TREEFORESTS; PRODUCTWEIGHT:; 200Grams,item_weight,200 gram
599772,LIGHT BUT STABLE; INENARCI; 1.8KG,item_weight,1.8 kilogram
601746,"KESSER; R; -HOME-; GROBENTABELLE; NUTZUNG; KorpergroBe; Empfohlene GroBe; Gewicht; 800 g; <1,52 m; S; 1,52 m-1,71 m; 1000 g; M; UBUNG; 1.72- 1,85 m; 1300 g; L; 1,52 m-1,71 m; XL; 1700 g; <1,42 m; S; 800 g; 1,42 m-1,61 m; M; 1000 g; STUHL; 1.62- 1,79 m; 1300 g; L; XL; 1700 g; 1,80 m-1,93 m; KKESSERO; KKESSER; KIKESSER; KAKESSER; Mnadr; XL; W; S; ca.1,70 m; 85 cm; 75 cm; 65 cm; 55 cm",item_weight,800.0 gram
