group_id,text,entity_name,entity_value
486636,PRODUCTPARAMETER; 10.6inch; 4.1inch; weight:1.24ib(565g); 5.3inch; 0.19inch; 0.94inch,item_weight,565.0 gram
252782,fleece lined+; 240g cotton; Breathable & Warm.; The fleece lined is breathable and; wouldnt make your hand sweat.; but keep warm.,item_weight,240.0 gram
731432,CORNBREAD; ALL-NATURALAND; ORGANIC; USDA; 7009; GMP; ORGANIC; PRO; USDA; GMP; ORGANIC; PRODUCT; 300MG; 20; 30GUMMIES; PER SERVING; CORNBREAD; Watermelon; Hemp Gummies; FULL; PROFILE; USDA; ORGANIC; VEGAN; FULL PROFILE; GROWN IN KENTUCKY; HERBALSUPPLEMENT,item_weight,300.0 milligram
731432,CORNBREAD; ORGANIC; WATERMELON; HEMPGOMMIES; BENEFITS; SUPPORTA; HEALTHYREST; HELPSSUPPORT; 300MG; 20; RELAXATION; 1; 30GUMMIES; PER SERVINO; CORNBREAD; HELPSSOOTHESORENESS; Watermelon; ANDDISCOMFORT; Hemp Gummies; USDA; ORGANIC; MAINTAIN YOUR; GROWN IN KENTUCKY; HERBAL SUPPLEMENT; QUALITY OF LIFE,item_weight,300.0 milligram
639090,"Kind; ""nder; CHOCOLAT; IOCOLATE; MARVEL; Kinder; CHOCOLATE; MARVEL; Kinder; Kinder; inder; Milk Chocolate With; late With; Creamy Milky Filing Inside; lling Inside; Kinder; tnder; ERVING; PER; 140; NET WT3.5 OZ (102g); Milk Chocolate With; Creamy Milky Filling Inside; PES; ARVIN; 140; NET WT 3.5 OZ (10Zg)",item_weight,3.5 ounce
801829,"PRODUCT; SIZE; 37.4'; 26.0""; 45.0""; 440; Ibs; 20""; Weight Capacity; 18.7 Ibs; Product Weight; 28.0; 26.0""",maximum_weight_recommendation,440.0 pound
630869,SKIN ERIENDLY; MEDICAL BRACELETS; 316LSTAINLESS STEEL; WATERPROOF; HYPOALLERGENIC; 320; Weight: 32g/1.13oz; QRCODE DIALTIPS1:; QR CODE DIALTIPS2:; QR CODE DIAL TIPS 3:; Do not wipe with cotton; Washable and air-dried; Do not rub into sharp; and wool products; only; objects,item_weight,32.0 gram
630869,"MEDICALALERTBRACELETS; ARE EASY TO SET UP, WEAR, AND USE; Material:Stainless steel; Dial length:45mm/1.77inch; Dial width:19mm/O.75inch; 19 mm / 0.75""; Weight:32g/ 1.13oz; Applicable wrist dimension; 45 mm/ 1.77""; 19.5 cm / 7.68""; 2cm / 0.79'; TIPS:The size of the product is measured manually and may be subject to marginal error.",item_weight,32.0 gram
639090,THE; adelaine; CHOCOLATE COMPANY; PREMIUM; CHOCOLATE; MMDEINUSA; NET WT 16 OZ(454q),item_weight,454.0 gram
639090,"Solid Milk Chocolate SoccerBalls -1LB-#418; Amount/Serving; %DV*Amount/Serving; %DV*; 5; Nutrition Facts; Total Fat 9g; 12%; Total Carb.17g; 6%; 0060941830; About 16 servings per container Sat.Fat 6g; 28%; Dietary Fiber Og; 0%; Serving size about; Trans Fat Og; Total Sugars 16g; 5 pieces 28g/1 oz; Cholesterol 5mg; 2%; Includes 13g Added Sugars 27%; Sodium 25mg; 1%; Protein 2g; Calories; 150; per serving; Vitamin D 0mcg 0%Calcium 60mg 4%-Iron 0.2mg2%Potassium 100mg 0%; *The%Daily Value DVtells you how much a nutrient in a sering offood contributes to a daily diet.2,000 calories a day is used for general nutriton advice.; INGREDIENTS:MILKCHOCOLATE (SUGAR,MILK,COCOA BUTTER,CHOCOLATE; THEMADELAINE CH0COLATE COMPANYR0CKAWAYBEACH,NY 11693 MCN; Manufactured on equipment that processes peanuts and tree nuts (almonds,pecans, cashews and hazelnuts).; WARNINGTo avoid danger of suffocation, keep this plastic bag away from babies and; children.Do not use this bag in cribs,beds,carriages or play pens.",item_weight,1.0 ounce
639090,THE; CHOCOLATE COMPANY; PREMIUM; CHOCOLATE; MMAEMUSA; NET WT 16 OZ(454gD,item_weight,454.0 gram
120219,8; 5; 6; D,maximum_weight_recommendation,6.0 ton
375816,CARAMSL.LAE; CARAMEL; STARBUCKS; LATTE; PREMIUM INSTANT; CARAMEL LATTE; COPES,item_weight,96.0 gram
917343,"FUNCTION; 1.FLEXIBLE TRANSPORT BELT; The carrying strap is made of highly flexible; material, perfect for your shoulder; 2.COMPACT SIZE; With its 61,5 cm width you can.; take it with you everywhere.; O; KG; 3.LOWWEIGHT; Because the yoga mat weighs only 900g; you can do your sport everywhere",item_weight,900.0 gram
318770,USB To Type-C(6A 66W); Samsung Galaxy; Huawei; Google; OnePlus; Never; USB To Micro USB(2A 10W); Galaxy S7/J7; Kindle; Power Bank; LEE; 12:4; Bluetooth Speaker; USB To Lightning(2.4A 12W); iphone 13/13 Pro/13 Pro X/13 Mini; iphone 12/12 Pro/12 Pro Max/12 Mini; iphone X/Xs/XS Max; iphone 11/11 Pro; iphone 8/8 Plus; iphone 7/7 Plus,wattage,66.0 watt
523149,weight; 24g; 1.5cm; 1.6cm; 1.5cm; 1.5cm; 1.6cm; 1.8cm; 1.6cm,item_weight,24.0 gram
252782,"Multi-Functions; Suit for Work Out; Exercise,; Training,; Fitness,; Bodybuilding,; Cycling,; Weight Lifting",item_weight,2.0 kilogram
993359,"fice; PIMENT; FORT; Le piment fort est une epice qui peut etre; associeea de nombreux aliments:tomate; oignons, avocats haricots, fromage, poissons.; 500 g; Poids net: ; e; Aconsome aanfi/Lot; A conserver a Fabr de la lumiere dans un; Voir au dos; enorot sec et frais; Distribuo par:; Tradco France; 283 Chaussbo JulesCosarl; 95250 Beauchamp-France; 3760197945900",item_weight,500.0 gram
386873,"A Great Leap in Power Life; comes with a huge 12500mAh battery,WP18; rugged phone can free your smartphone; X; 70; 37; 22; 48; hours Call Time; days standby; hours Video; hours Music; 12500; mAh; M8T; 22mm; 23.2mm; Height:173.6mm; Fast Charging; Width:83.7mm; Weight:423g",item_weight,423.0 gram
442321,70KG; Kapazitat; <50dB; Monet; einschlieBlich Gewicht der Tischplatte,item_weight,70.0 kilogram
730429,1.2cm; 143g; 32.4cm; 32.4cm; -,item_weight,143.0 gram
630869,PRODUCTPARAMETER; Magnetic; 12 mm/; 0.47 inch; 27 mm / 1.06 inch; You Photo; Series: Bracelet; >Weight: About 12.7g / O.45oz; > Perimeter: 20+5cm (About); Material: Rhodium Plated; The size of the product is measured manually and may be subject to marginal error,item_weight,0.45 ounce
750220,LOS CURSOS; CURSOS,item_weight,44115.0 ton
281678,E; 1882; PEEPUNSC; Gewurzmischung; fur Gluhwein; S; 10AUFGUSSBEUTEL,item_volume,1.0 litre
179080,Cycle1000 times; Detachable; 40-50KM; 4-5 Hours; Energy savingd; 36V 10.4AH; Battery,voltage,36.0 volt
179080,36V 250W MOTOR; 25km/h; Top Speed; 20; Slope; 7 Speed; Shimano Gear,voltage,36.0 volt
179080,36V 250W MOTOR; 25km/h; Top Speed; 20; Slope; 7 Speed; Shimano Gear,wattage,250.0 watt
459516,"MEDICUS CURAT-NATURA SANAT; WILD BLUE BERRYNECTAR; Achtung auf den; Unterschied; 100%; Bio; Kultur-Heidelbeeren; Wildwuchs-Heidelbeer; Helles Fleisch/White pulp; Dunkles Fleisch/dark pulp; Anthocyane15 mg/100g; .; Anthocyane55 mg/100g; Geringere Antioxidantien; Starkes Antioxidans; Nettare di; Questo succo biologico di mirtilli sel-; Der naturbelassene Muttersaft aus der; vatici ad alto contenuto di antociani; wilden Blaubeere ist ein hervorragen-; MIRTILLO NERO; e un ottima fonte di antiossidanti con; der Lieferant von Antioxidantien. Der; valore ORAC di oltre 10.000. La polpa; Nektar entsteht durch Kaltpressung; selvatico; viene ottenuta da spremitura a freddo; ohne Zusatz von Wasser oder Zucker.; senza aggiunta di acqua o zucchero.; Zum SuBen konnen Sie unseren biolo; Per chi piace addolcirlo, raccomandia-; gischen Rohrohrzucker oder WeiBdorn; mo lo zucchero di canna grezzo biolo-; honig aus unserem Shop verwenden.; 100%; ohne Zusatz von; gico o miele di biancospino ottenibili; Wir empfehlen eine Tagesdosis von ein; Wasser/Zucker; presso la nostra azienda Paracelsus.; oder zwei Portionen zu 30 ml.Der Saft; senza aggiunta di; Raccomandiamo una dose di 30 ml una; ist nach Offnung bis zu 3 Monaten halt; PURE; o due volte al giorno.La confezione Bag; bar und muss nicht gekuhlt werden; acqua ozucchero; in box contiene ben 66 porzioni da 30; Valori nutrizionali/Nahrwerte a 100 g:; ml.Una volta aperto si conserva fino a; 213 kj/51 Kcal; Wald-; tre mesi e non necessita refrigerazione.; Grassi/Fett 0,5g; di cui acidi grassi saturi 0,04 g; net weight; gesattigte Fettsauren 0,04 g; e2,01; Agitare prima dell'uso; Carboidrati/Kohlenhydrate 9 g; HEIDELBEEREN; Vor Gebrauch schutteln; di cui Zuccheri/Zucker 8,5 g; Fibre/Ballaststoffe:3,5; Nektar; Proteine/Eiweiss 0,8 g; 17; Sale/Salz0,0g; b0; PAP; OTHER; Haltbar bis:; Da consumarsi entro; 2 month a 30ml/d; Ingredienti/Inhalt:; PORTIONS; Polpa di Mirtillo nero selvatico; 31-01-2023; 2 mesi a 30ml/gg; da coltivazione biologica; Wald-Heidelbeermark; SOLM 220001; aus biologischem Anbau; Lot Nr.; Keine Kuhlung; Nonserve; frigorifero; notwendig; Vorsicht bei Verfalschungen; Una volta; Nach Offnung; Ein Problem bei Heidelbeersaften sind Verfalschungen:; Ein groBer Teil der Getranke, die nach Angabe zu 100; aperto si conserva; bis zu 3 Monate; Prozent aus Heidelbeeren bestehen,enthalten; ME; haltbar; zusatzlich Zucker,Farbstoffe,Wasser oder; fino a 3 mesi; andere minderwertige Fruchtsafte.; A; Das spart Produktionskosten,; Bag &Box; Verpackung; denn die Waldheidelbeeren sind teuer.; Sie erkennen den naturlichen Heidelbeersaft; riciclabile; open; recyclebar; am typichen milden Heidelbeer; Aroma.Eine musartige Konsistenz; unterstreicht die Naturlichkeit.; Paracelsus.Farm",item_weight,100.0 gram
459516,100%NATUR; 20; 1541,item_weight,100.0 gram
318770,"20w Fast Charger Cable; Charge your iPhone 13 to 60% in 30 minutes; Compared with the 2.4A cables,the efficiency is improved by 20%; Charge For; 30; minutes; 60% charged; 3",wattage,20.0 watt
523149,16mm; IP black plating; high polished; stainless steel; Weight:10.7g,item_weight,10.7 gram
449021,YOKKAO; FIRST AT; RACE; 10 oZ; REMUM OAUTY; YOKKAO; HANDILAADE,item_weight,10.0 ounce
329793,"HARNDS; Overall Length:20,2cm; Blade Length:7,5 cm; HARNDS; BladeWidth:3,3cm; Weight Loss Hole; Tree Rings Design; Means""Time""; Closed Length:12,2cm; Lanyard Hole; Blade Thickness:32mm; Liner Lock; Weight:130g",item_weight,130.0 gram
375816,IONTLN NE; COFFE;  colombian brew; COFFE; colombian Brew; COFFE;  colombian brew; coffee; coffee; coffee; WAKE UP KICKASSREEA; WAKE UPKICKASSREPEAT; WAKE UP  KCKASS REPEAT; NUTTY; WILD; CREAMY; HAZELNUT; VANILLA; CARAMEL; INSTANT COFFEE; INSTANT COFFEE; INSTANT COFFEE; JO000; ervin; 25Sachets-50g-1.8oz; 25 Sachets-50g-1.8oz; 25Sachets-50g-1.8oz; COFFE; COFFE; COFFEE;  colombian brew;  colombian brew; colombian Brew; coffee; coffee; CoffEe; VAKEUP KICKASS REPEAT; WAKEUPKICKASSREPEA; HIGH; ICE; SMOKY; CAFFEINE; MINT; CINNAMON; ESPRESSO; INSTANT COFFEE; INSTANT COFFEE; INSTANT COFFEE; 0000; <1k; O000; per; eein; 25Sachets-50g-1.8oz; 25 Sachets50g-1.8oz; 25Sachets-50g-1.8oz; COIONILUR HEW; COLONMILR LE; COFFEE; colombian brew; COE; colombian brew; COFFEE; Colombian Brew; coffee; E; coffee; CofFee; WAKE UPKICKASS-REPEAT; WAKE UP KCKASSREPEA; WAKEUPKICKASS-REPEAT; DOUBLE; MINT; BLUEBERRY; CHOCOLATE MOCHA; CHOCOLATE MOCHA; CHOCOLATE MOCHA; INSTANT COFFEE; INSTANT COFFEE; INSTANT COFFEE; 30000.; ENOS; 25 Sachets-50g-1.8oz; 25 Sachets-50g-1.8oz; 25Sachets-50g-1.8oz,item_weight,1.8 ounce
375816,C; colombian brew; colombian brew; colombian brew; coffee; coffee; coffee; WAKEUP KICKASSREPEAT; WAKE UPKICKASS-REPEAT; WAKEUP KICKASSREPEAT; NUTTY; WILD; CREAMY; HAZELNOT; VANILLA; CARAMEL; INSTANT COFFEE; INSTANT COFFEE; INSTANT COFFEE; 25 Sachets-50g-1.8oz; 25 Sachets-50g-1.8oz; 25 Sachets-50g-1.8oz; colombian brew; colombian brew; colombian brew; coffee; coffee; coffee; WAKE UPKICKASSREPEA; WAKE UPKICKASSREPEA; WAKE UPKICKASSREPEAT; HIGH; ICE; SMOKY; CAFFEINE; MINT; CINNAMON; ESPRESSO; INSTANT COFFEE; INSTANT COFFEE; INSTANT COFFEE; 1kca; 25 Sachets-50g-1.8oz; 25 Sachets-50g-1.8oz; 25 Sachets-50g-1.8oz; .; colombian brew; colombian brew; colombian brew; coffee; coFfee; coffee; WAKE UPKICKASSREPEAT; WAKE UPKICKASSREPEAT; WAKEUPKICKASSREPEAT; DOUBLE; BLUEBERRY; MINT; CHOCOLATE MOCHA; CHOCOLATE MOCHA; CHOCOLATE MOCHA; INSTANT COFFEE; INSTANT COFFEE; INSTANT COFFEE; <1 kcal; Seving; 25 Sachets-50g-1.8oz; 25 Sachets-50g-1.8oz; 25 Sachets-50g-1.8oz,item_weight,1.8 ounce
630869,"Express Yourself; Fit Most Wrist; weight : 15 g; Diameter:2.5; 0.23; Smooth Edges; Adjustable Open Size; Pull or press the cuffs to adjust the size to fit most wrist,such; as for adult women,teens girl,boy,adult men,12-80 years old; High Polished; 316L Stainless Steel; Pull out firmly with continous; Push in firmly with continous; pressure to fit large wrist; pressure to fit small wrist; Adjustable Size; Personal Mantra; PULLAPART; SQUEEZE THE BANGLE; If small for you; If large for you; pull apart the bangle gently; squeeze the bangle gently; Discreet; Fully adjustable to; You can wear them; fit your wrist perfectly; to work & play; TAKE OFF THE BRACELET; 100% Stainless Steel; Light weigh; ADJUST TOFIT YOURWRIST; Hypoallergenic; Comfortable; Tarnish resistant; Durable",item_weight,15 gram
459516,GOOD HEALTH; TM; MOM; LIFE SCIENCE; MILKTHISTLE; CAPSULES; BEST QUALITYNATURAL NUTRITION; FORYOUR WELLNESS; Rich in Silymarin - The Antioxidant for Liver Health; wOw; Supports liver health; Supports healthy cholesterol levels; LIFE SCIENCE; Supports healthy blood sugar levels; MILKTAISTLE; 600 mg; MILKTHISTLE; EXTRACT; PER SERVING; CAPSULES; BEST QUALITYNATURAL NUTRITION; FOR YOUR WELLNESS; 60Vegetarian Capsules; Rich in Silymarin - The Antioxidant for Liver Health; Nutraceutical; Supports liver health; Supports healthy; cholesterol levels; Supports healthy; blood sugar levels; 60Vegetarian Capsules Nutraceutical,item_weight,600 milligram
969033,Please Check Dog Size Before The Purchasing; Size chart; 60 x 45 x 20 CM; For small dogs; s; Up to 15 LBS; 75 x 55 x 20 CM; For medium dogs; M; Up to 20 Ibs; 90 x 60 x 20 CM; For Large Dog; up to 25lbs; 100 x 70 x 20 CM.; For XL Dog; up to 35lbs; XL; 110 x 80 x 20 CM; For XXL Dog; p to 55lbs; XXL; 120 x 90 x 20 CM; For jumbo dog; XXXL; up to 100lbs; 130 x 100 x 20 CM; For jumbo dog; 4XL; up to 120 Ibs,maximum_weight_recommendation,15 pound
630869,adjustable; 17-28cm; High polished; Stainless steel; 8mm; 40mm; Weight:5.3g,item_weight,5.3 gram
281678,Coldkili; Matcha; GingerLatte; Instantane au Gingembre; et The Vert Matcha; goldkin; Net WFos Nt.8.8a/250g; Matcha; GingerLatte; Instantane au Gingembre; et The Vert Matcha; N500; goldkini; Matcha; GingerLalte; Instantane au Gingembre; et The Vert Matcha; NetN88250g185008,item_weight,250 gram
150913,"easurements; SWIFTXDUO; 58 cm; 102 cm; 32 cm; 75,5 cm; hauck; 84 cm; 12,3 kg; 75,5 cm",item_weight,12.3 kilogram
993359,W.W; ww.Vw.Vw.Vw.Vw.ww.Vw.ww.ww.ww.w; MARQUE DE VANDEVI; (VANDEV; 67; ASSA-FOETIDA; POIDSNET1.75OZS.; 6; Net Weight 50 g; COMPOUNDE; 017; Keep in Cool &Dry place away; STORAGE:; trom Direct Sunight; For Export Only (N k Sale e inda); CALE; YELLOW POWDER,item_weight,50 gram
523149,29.3mm; 5.8mm; Weight:18g,item_weight,18.0 gram
487566,KO; Model Age: 4T; Model Height:94cm; Model Weight: 14.5kg; Wear Size:M,item_weight,14.5 kilogram
750220,"SPICY; DRIEDFRUIT; RESEALABLE BAG; JUST THREE; FOR FRESHNESS; X4; INGREDIENTS; SOLELY:; ORGANIC PINEAPPLE RINGS; WITH CHILI & SALT; JUST WHOLE FRUIT; NO ADDED SUGAR; NO PRESERVATIVES; NO SULFITES; OUR PROMISE:CLEAN FOOD; We Solely use the sweetest, most perfectly ripe Pineapples and; add dried Chili for a little kick. Our fruit is hand selected from;  our Solely certified farms and then gently dried at our very; own drying facilities.; USDA; ORGANIC; 100%; VERIFI; NET WT 2.2 OZ (63g); VEGAN; nongmoproject.org",item_weight,63 gram
523149,"RinggroBe: 50-64; Size: 50-64; Ringbreite: 3mm; Ring width: 3mm; Hohe: 1,8mm; Gewicht: 8,7g; Height: 1,8mm; Weight: 8,7g; SteingroBe: 1,5mm; Stone size: 1,5mm",item_weight,8.7 gram
746096,Profitez; des; films; inclus; TV BRAVIA; avec votre.; / 10 Films en haute qualite; V 24 Mois de streaming illimite; BRAVIA; CORE; SPIDER-MAN; No Way thome;  Available now on BRAviA CORE; Le service video Bravia CORE est disponible en France Metropolitaine; ependent de la zone geographique et du modele de televiseur.,voltage,24.0 volt
281678,"NET WT:100ge(3.5oz); HEATHCHEATHER; The Heath & Heather name has been synonymous with; pioneering Herbal Remedies'since 1920.We are proud; to use only the finest natural herbs and botanicals; Our founders,Samuel & James Ryder, studied and; unlocked the medicinal benefits of herbs, creating; teas and infusions that enhance; HEALTH &HAPPINESS; NIMH; We proudly work alongside the; National Institute of Medica; Herbalists promoting the benefits; www.nimh.org.uk; efficacy and sofe use of medicinol herbs; THE PERFECT HEATH; &HEATHER BREW; Add one Heath & Heather teabag to 200ml of freshly boiled water; then simply infuse for 3-5 minutes before consuming; FANCY TRYING SOMETHING DIFFERENT?; With a wide ronge of Heoth & Heather infusions to choose; from, you may also be tempted by our.; CAMOMILE PEPPERMINT,RASPBERRY LEAF, ROSEHIP",item_weight,100 gram
523149,"PRODUCT INFORMATION; 316L ElectroplatedStainless Steel; 2.5mm; 8mm; 22.6mm; ceramics; Weight:4.8g; *Note:all the parameters are manual measurement,a little error,please take the; actual goods in real goods",item_weight,4.8 gram
767202,,item_weight,450.0 kilogram
