group_id,text,entity_name,entity_value
748919,"PROPOS'; NATURE; INGREDIENT MENAGER; MULTI-USAGE; TERREDE; SOMMIERES; 100%NATUREL; Argile 100% pure et naturelle, la terre de; Sommieres presente des proprietes absorbantes; qui permettent le nettoyage a sec des taches; recalcitrantes sur toutes les surfaces (moquette,; tapis, parquet...). Elle est aussi efficace pour; desodoriser le linge.; IngredientBentonite; Dosage conseille Selon usag.; 100%; 500g",item_weight,500.0 gram
916768,TEARRIFIC; LEBENSMITTELECHT; Cup; GEPRAGTES; DESIGN; AS YOULIKE; BEST; Designed in; HIIM; calee; OR; Berlin; OR; cola; LIZENZIERTE UND GESCHUTZTE DESIGNS,item_volume,1.0 cup
459516,"COMPOSITION; Serving Size:1 Tablet (0.709 g)Each serving contains (Approx.Values); Ingredient; Qty. I Serving; %RDA""; *PHOSPHOcomplexSilybin (Sillybum marianum); 200 mg; **; Dandelion Taraxacum officinale) leaf extract-101; 100 mg; **; Kutki Picrorhiza kurroa)rhizome extract-0.5%Bitters; 50 mg; **; Kasani Cichorium intybus seed extract-1%Bitters; 25 mg; **; Punarnava Boerhavia diffusa root extract-0.07%alkaloids; 25 mg; **; Bhui amla Phyllanthus amarusWP extract-0.5%Bitters; 25 mg; Amla (Phyllanthus emblica) fruit extract-10%Tannins; 25 mg; Licorice (Glycyrrhiza glabra) root extract- 5%Glycyrrhizin; 25 mg; Vitamin E; 10 mg; 100; Piper nigrum fruit extract-95%Piperine; 5 mg; **; NUTRITIONAL INFORMATION PER SERVING (APPROX.VALUES); Nutrients; Qty./Serving; %RDA#; Energy; 3.04kcal; 0.13; Carbohydrate; 0.51 g; **; (Sugars); 0.2 g; **; Protein; 0.04 g; 0.07; Fat; 6600; **; %RDA values established as per ICMR 2010 for sedentary lifestyle-Men; **% RDA not established by ICMR",item_weight,0.709 gram
459516,:1; WarningConsult your physician before using this product if you are pregnantnursing.taking any medication or having; ZRDA'; :; :; ZRDA; Oty./Serving; EEEE; bw; Qty./Serving; 3.04 kcal; 600; 6600; 11h5151h11; 5; 100; Punamava (Boerhavia diffusa) root extract- 0.07z alkaloids; Bhui amla (Phyllanthus amarus) WP extract-0.5% Bitters; Kutki (Picrorhiza kurroa rhizome extract-0.5% Bitters; Dandelion (Taraxacum officinale leaf extract- 101; Kasani Cichorium endivia seed extract-1% Bitters; Amla (Phyllanthus emblica) fruit extract-10%Tannins; PHOSPHOcomplexSilybin (Silybum marianum); Piper nigrum fruit extract-95% Piperine; a medical condition.; COMPOSITION; Ingredient; Carbohydrate; yiae; Nutrients; (sugging); Enrey; Protein; ECHEDN,item_weight,0.709 gram
731432,Horbaach; HIGHSTRENGTH; PSYLLIOM; HUSK; 1400; PLANTAGO OVATA; MG; PLANT SEEDS; FOOD; 365; VEGAN; SUPPLEMENT; CAPSULES,item_weight,1400 milligram
731432,Horbaach; HIGHSTRENGTH; Naturally-Sourced Psyllium; PSYLLIOM; HUSK; High strength 1400mg; per serving; 1400MG; PLANTAGO OVATA; PLANT SEEDS; Suitable for Vegans & Vegetarians; FOOD; SUPPLEMENT; 365; VEGAN; CAPSULES; Horbaach,item_weight,1400 milligram
731432,"Horbaach; Directions: For adults, take two (2) vegan capsules; daily, preferably with a meal. Do not exceed stated dose.; Nutrition Information; Typically Per Daily Dose; HIGHSTRENGTH; 1400mg; Psyllium Husk Powder; PSYLLIOM; Ingredients: Psyllium Husk Powder, Capsule Shell (Hy-;  droxypropylmethylcellulose), Anti-Caking Agents (Mag.;  nesium Salts of Fatty Acids, Silicon Dioxide).; HUSK; May contain Sesame Seeds & Mustard. For allergens; see the ingredients in bold.; Notice: Take this product with 220ml of fluids. Taking; this product without adequate fluid may cause the pos-; 1400MG; sibility of choking. Do not use this product if you have; PLANTAGO OVATA; difficulty swallowing. If you experience chest pain, vom-; PLANT SEEDS; iting or difficulty in swallowing or breathing after taking; this product, seek immediate medical attention. Do not; take before sleeping. Fibre products can affect the ab-; sorption of many medications. Do not take this product; within 1.5 hours of taking medication.; Free From: Artificial Colour, Artificial Flavour, Artificial; Sweetener, Preservatives.; FOOD; 365; VEGAN; SUPPLEMENT; CAPSULES; SUITABLE FOR VEGETARIANS & VEGANS; HU16790 C; Horbaach.",item_weight,1400 milligram
731432,VEGAN; Horbaach; WHEAT; FREE; HIGHSTRENGTH; 000; PSYLLIOM; SOY; HUSK; FREE; PLANTAGO OVATA; 1400MG; PLANT SEEDS; DAIRY; VEGAN; FREE; 365; CAPSULES; FOOD; SUPPLEMENT; FREEFROM; PRESERVATIVES; Horbaach,item_weight,1400 milligram
731432,Horbaach; 100%; HIGHEST; QUALITY; Horbaach; GMP; TO; HIGHSTRENGTH; PSYLLIUM; GMP; HUSK; PLANTAGO OVATA; 1400MG; PLANT SEEDS; VEGAN; 365; CAPSULES; FOOD; SUPPLEMENT; Horbaach,item_weight,1400 milligram
731432,NEWOOK; SAME TRUSTED OUALITY; OLD; NEW; Horbaach; Horbaach; HIGHSTRENGTH; PSYLLIOM; HIGHSTRENGTH; HUSK; PSYLLIOM; HUSK; 1400MG; be; serving; 1400MG; PLANTAGO OVATA; PLANT SEEDS; FOOD; 365; VEGAN; SUPPLEMENT; CAPSULES; FOOD; 365; VEGAN; SUPPLEMENT; CAPSULES; Horbaach; PACKAGING MAYVARY,item_weight,1400 milligram
149159,"GroBe Kapazitat, Tragfahigkeit bis zu 30KG.; Das Material ist ca.5mm dick und die Fugen sind verstarkt, so dass; es sehr stark ist.; Tragfahigkeit bis zu 30KG, kann eine Vielzahl von Gegenstanden; 30; KG; aufnehmen.",item_weight,30.0 kilogram
308856,"WILDFANG; XS; S; XL; 1,3 cm; 2 cm; 2,5 cm; 3 cm; 3,5 cm; 1; 12 cm; 13 cm; 14 cm; 15 cm; 16 cm; <10 kg; 10-15 kg; 15-25 kg; 25-45 kg; > 45 kg",item_weight,10 kilogram to 15 kilogram
281678,CRICH; R; Helps in; ERICH; Helps in; osteoarthritis; ORGAN; digestion; Reduces; inflammation; USDA; ORGANIC; Anti-bacterial; PREA; properties; ERFOOD; RICH; ORGANICS; SED; SUP; Helps in; PCOS; ORGANIC;  SPEARMINT; GREEN TEA; 100g; WEIGHT:,item_weight,3.53 ounce
281678,USDA; ORGANIC; SSRICHE; PROMOTES; ORGANICS; DIGESTVE; HEALTH; PLANT BASED; SUPERFOOD; SPEARMINT; GREEN TEA; HIGH IN ANTIOXIDANTS; HIGH IN VITAMIN A;  RICH IN ANTIOXIDANTS; ANTI-BACTERIAL IN NATURE; +COMBATS DISEASES; Fe GREAT SOURCE OF IRON; NET WEIGHT : 100 g (3.53 oz),item_weight,3.53 ounce
281678,PACKAGNG;  CHANGED; FOOD FORTHE MODERN LIFE; SRICH; ELPIER; ORGANICS; ORGANICS; NTOUSI; PLANRFOSED; Jssa; SPEARMINT; GREEN TEA; USDA; ORGANIC; OODFOR THE MODERN LIFE; BEFORE; SRICH; fssai usone; ORGANICS; SRICH; LIC. No. 12721999000135; ORGANICS; o kees; erb keeps blood pr; DIRECTION OF USE; an be made into herba; WWW.SOR; CHORGANICS.COM; Ingredients : Organic Spearmint Pure Herb; Country of Origin : Indic; PLANT BASED; Nutritional Facts; ORGANIC; SUPERFOOD; Calories; 80kcal; SPEARMINT; GREEN TEA; ated fal; MANUFACTURED AND MARKETED BY:; O high in VitAaMInN A; Sorich Organics Pt.d;  RIcH In AanTIOXIDanNTS; NET WEIGHT : 100 g (3.53 oz); ANTI-BACTERIAL IN NATURE; MRP Rs.; Fe GREAT SOURCEOF IRON; BATCH NO. :; NET WEIGHT : 100 g (3.53 oz); PKD. :; USE BY :; AFTER; Note: Packaging may vary for a brief period of time.,item_weight,53 ounce
281678,X; L.oose packaging; Inpurities added.; Other; XX y; Does not brew easily.; brands; Added preservatives; X; Processed chemically; EICH; VS; USDA; ORGANIC; SSRICH; Air-tight packaging; ORGANICS; SERICH; Impurities free; Brews easily; SPEARMINT;  GREEN TEA; Noadded preservative; HIGHIN VITAMIN A;  AnTI-BACtERIAL In NATURe; Directly from farm; Fe GREAT SOURCE OFIRON; NET WEIGHT100 g (3.53 oz),item_weight,100 gram
731432,FREE; Glucon-D; Regular 200gpack; Glucon-D; Instant Energy; Regular; Hein; Vitamin,item_weight,200 gram
731432,FREE; Glucon-D; Regular 200gpack; Glucon-D; Net Weight; Instant Energy; Ikg; eave yo tie yr amiy nh Intant Engyf Gon-D; 99.4% pure Glucose-Glucose is an Instant energy source for; the body and is the only energy source for the brain.; (Vitamin; Glucon-D has Vitamin D and Calcium that provides; strength to the bones and body.; energy production and storage.;      hD; n%66;  i; facifita;  ; ffer  ast. t ffr i; Offer available in specifically marked packs only; We would love to hear from you; MFD.; M.R.PRs./INCL.OFALL TAXES); OTNo; (See space below /bottom of jar.),item_weight,1 kilogram
731432,"FREE; Glucon-D; Regular 200g pack; Glucon-D; Instant Energy; NUTRITIONALVALUE*; Per 100g Per Serve (35g); Energy Value.; 360kcal; 126kcal; Og; Carbohydrates.; 31.5g; of wh..ch uga. sueros...g; Og; Fat& All types f fatt. ai...g; Og; Cal.i..; .170mg; 59.5mg; Phosphorus.; ..100mg; 35mg; .3001.U.; 1051.U.; *Approx.Value; R5s0i; NGREDETSGucose 99.4%MinlsmPhoshats andVitamn.; Glucose based beverage mixProprietary Food; StorageConditiontore in acool dry lace away from stong odours.; Heinzy; Worli, Mumbai-400 018.; fssai; LIC.No.10013022001417; FSSAILic.No.10014012000278; paaRorPhb173025HP; FSSAILic.No.10014062000273; Net Weight:; ko",item_weight,200 gram
731432,FREE; Glucon-D; Regular 200gpack; Glucon-D; Instant Energy; Regular; Glucon-D; INSTANTENERGY; Instant Energy; Regular; Minerals; Vitamin; 99.4% pure Glucose; Minerals; Vitamin,item_weight,200 gram
731432,Glucon-0; 9.4in; 23cm,item_weight,200 gram
252585,ONE SIZE; s ALL; FITS; STRETCHABLE AND; BLACKFABRIC BLOCKS; FORMFITTING; THE LIGHT; EXPERT-GRADE GEL; NON-TOXIC NO SMELL; FLEXIBLE COMFORTABLE FOR; COLD ORHOT THERAPY; 3.1 in; 5.3; 5; 22.2 in,item_volume,4.0 gallon
299791,"S925; 925 SterlingSilver; 18K Gold Plated; 0.28 INCH; 7MM; High Polish; 0.07 INCH; (1.8MM); 16+2 INCH Extend Chain; Net Weight: 2.7G; (405MM+50MM); Manual measurement, the size may be slightly different from the physical.",item_weight,2.7 gram
884560,Creating a sustainablefoodfuture; or you and theplane; thir; Visit www.knorr.com/uk; How to use Knorr; Stock Pots:; GLUTEN; NO ADDED; AND; FREE; MSG; PRESERVATIVES; 4x28g=112ge; ether: dissolve; the pot into; 500ml of boiling; or: add the; water.; pot directly; X; to dish.; Best Before End:,item_weight,112 gram
179080,"9.1cm/3.58""; 36.8cm/; 14.48""; 48V 13Ah; 48V 17.5Ah; 11.1cm/4.37""; Downtube Battery; Type; 13Ah: 2500m-A-h; Battery Cell; 17.5Ah: Sam-sung/L-G/Cell; 3500mAh Send it randomly; Charger; 48V 13Ah (2A); Charger Output Current; 48V 17.5Ah(4A); USB port; BMS; 30A; Battery Weight.; KG; 4.1KG/4.4KG",item_weight,4.1 kilogram
179080,"9.1cm/3.58""; 36.8cm/; 14.48""; 48V 13Ah; 48V 17.5Ah; 11.1cm/4.37""; Downtube Battery; Type; 13Ah: 2500m-A-h; Battery Cell; 17.5Ah: Sam-sung/L-G/Cell; 3500mAh Send it randomly; Charger; 48V 13Ah (2A); Charger Output Current; 48V 17.5Ah(4A); USB port; BMS; 30A; Battery Weight.; KG; 4.1KG/4.4KG",voltage,48.0 volt
866516,Product Name; Harvest Festival Doll; Product Size; 15926CM; Qty./Ctn.; 96PCS; Carton Size; 52x42x40CM; Material; Polyester material; Craftsmanship; Manual; Colour; BrownYellow; GreyOrange; Product Weight; 158g,item_weight,158.0 gram
866516,158g; 1580,item_weight,158.0 gram
459516,GMP; NUVIDA; NATURAL HEALTH; CRANBERRY EXTRACT; High Strength Extract for; Natural Urinary Tract and Bladder Support; SUITABLE FOR VEGETARIANS AND VEGANS; 5000mg 90 Tablets; Food Supplement,item_weight,5000 milligram
524635,"50 mI; Carvomin; R; Verdauungstropfen; 18,55 g/20 ml; Flussigkeit zum Einnehmen; Wirkstoff:; Auszug aus einer Mischung; von Angelikawurzeln,; Benediktenkraut und; Pfefferminzblattern; KLONGE; PHARMA",item_weight,18.55 gram
524635,"50n; 50 mI; Carvomin; R; arvom; Verdauungstropfen; Veroauungstopten; hmel; 18,55 g/20 ml; m Einnehi; 18.558/20m; Bkeit z; Flussigkeit zum Einnehmen; Flissig; 157; 50 ml Wirkstoff: Ase; Benediktenkrau!; Carvomin; pflanzliches Am; Verdauungstuco; Verdauungstropfen; keit enthalten; 16; Mischung von ; 18,55 g/20 ml; ferminzblattem; Flussigkeit zum; Wirkstoff:; Enthalt 58V; Einnehmen; Auszug aus einer Mischung; mittel fur Kinte; lagern.Das A; von Angelikawurzeln; ausschlieBlichar; Benediktenkraut und; dungsgebietre; Pfefferminzblattern; Krankheitssymoon; Packungsbeilag; eine andere ne; KLONGE; tieren.Reg-N.; Zur Anwendung; bei Erwachsenen; Klinge Pharma; PHARMA",item_weight,18.55 gram
524635,"Carvonin; 50 mI; Ierdaungstronfien; Carvomin; 1855g20ml; Verdauungstropfen; wendune; 18,55 g/20 ml; Flussigkeit zum Einnehmen; akAUn; 50 ml Wirkstoff As; Benediktenkrat; Carvomin; pflanzliches Am; Verdauungstucc; Verdauungstropfen; keit enthalten; Mischung von ; 18,55 g/20 mI; Wirkstoff:; ferminzblattem; Flussigkeit zum; Enthalt 58 Va; Auszug aus einer Mischung; Einnehmen; mittel fur Kinde ; von Angelikawurzeln,; lagern.Das Ac; Benediktenkraut und; ausschlieBlichar.; dungsgebiet re; Pfefferminzblattern; Krankheitssym.o; Packungsteiage ; KLONGE; eine andere ng; tieren.Reg-.; PHARMA; Zur Anwendung; Klinge Pharma; bei Erwachsenen",item_weight,18.55 gram
524635,"50m; 50 ml; Carvomin; arvom; Verdauungstropfen; Veroauungstropten; 18,55 g/20 ml; 18.55g/20m; Flussigkeit zum Einnehmen; FliSsie; 552; USZUS; 118; 1-5-; Wirkstoff:e; Auszug aus einer Mischung; von Angelikawurzeln; Benediktenkraut und; Pfefferminzblattern; KLONGE; PHARMA",item_weight,18.55 gram
524635,"carvonin; 50 mI; lerdauungstronfien; Carvomin; 1855g20m; Verdauungstropfen; 18,55 g/20 ml; Flussigkeit zum Einnehmen; Wirkstoff:; Auszug aus einer Mischung; von Angelikawurzeln,; Benediktenkraut und; Pfefferminzblattern; KLONGE; PHARMA",item_weight,18.55 gram
730429,23:59; 25; USB; CHARGING;  PORTS; 50; o; MODEE; UP; DOWN,item_weight,50.0 gram
881883,How to Use.; Placethe curtain between the; counterweight and the magnet; 4cm/1.6in; Weight:26g; Load-bearing; metalblock,item_weight,26.0 gram
179080,"28""; ZFREEWHEELS; 800W36V; GABELMINDESTBREITE135MM; HINTERRADMIT BRUSHLESSMOTOR",wattage,800.0 watt
179080,"28""; ZFREEWHEELS; 800W36V; GABELMINDESTBREITE135MM; HINTERRADMIT BRUSHLESSMOTOR",voltage,36.0 volt
601746,"Superior Quality.; Put durability,safety,and environmental protection first; Honeycomb Surface; Offers solid performance and ensures that; the yoga ball won't burst suddenly.; Explosion-Proof Design; Provides the best protection and; prevents injuries.; Environmentally Friendly Material; Just use it with confidence knowing it's made; poI; of environmentally friendly material.; No Sticking; Rest assuredthat the surface won't stickto; your skin, clothing, floor, and much more.; 330lbs Load Bearing; Never worry about the load-bearing capacity; of this yoga ball as it can support up to 33Olbs",item_weight,330.0 pound
487566,51*70 IN; 31 0Z; CARDEN; soft; ventilate; warm; and; Particularly smooth; Comfortable to skin,item_weight,31.0 ounce
794161,"SKINFOOD; SALMON DARK CIRCLE CONCEALER; This concentrated and creamy concealer; contains salmon ingredients which effectively; help conceal dark under eye circles and brighten; the eyes.; To use : After applying your foundation, dispense an; adequate amount and gently tap onto dark circles around; your eye area; #2; ""809221""274243; Dist.SKINFOOD USA,INC.1 Technology Drive; Bldg.B, Suite B113 Irvine,California,92618; www.theskinfood.com; 10g/Net wt.0.35 oz; Made in Korea; OPEN HERE",item_weight,0.35 ounce
639090,"hot'chocolate; OMBS; B; Made with Belgian Chocolate; inc/udes Mini Marshmallows; Milk; Double; Salted; Peppermint; Chocolate; Chocolate; Caramel; Nutrition Facts.; MARSHMALLOWS SUGARGLUCOSE SYRUPGELATINSORBITOL,MODIFIED; CORN STARCHDEXTROSE,ARTFICIAL FLAVORTETRASODIUM; PYROPHOSPHATE.COCOA MASSEMULSIFIERS (SOY LECITHINPGPR; 16 serving per container; VANILLA EXTRACT; Serving size1 Package (35g); CONTAINS:MILK,SOY.; Amount per serving; SALTED CARAMEL INGREDIENTS:SUGAR.COCOA BUTTER.WHOLE MILK; 180; POWDER.MARSHMALLOWS (SUGAR.GLUCOSE SYRUP.GELATIN.SORBITOL; Calories; MODIFIED CORN STARCH.DEXTROSE,ARTFICIAL FLAVOR,TETRASODIUM; PYROPHOSPHATE.COCOA MASS.EMULSIFIERS (SOY LECITHIN.PGPR; VANILLAEXTRACT.SALT.CARAMEL FLAVOR.; % Daily Value*; CONTAINS:MILK,SOY.; Total Fat 9g; 12%; PEPPERMINT INGREDIENTS:SUGAR.COCOA BUTTERWHOLE MILK POWDER; Saturated Fat 5g; 25%; MARSHMALLOWS SUGAR.GLUCOSE SYRUPGELATIN.SORBITOLMODIFIED; CORN STARCH.DEXTROSE.ARTFICIAL FLAVOR.TETRASODIUM; Trans Fat 0g; PYROPHOSPHATE).COCOA MASS.EMULSIFIERS (SOY LECITHIN.PGPR; Cholesterol 5mg; 2%; VANILLA EXTRACT.PEPPERMINT FLAVOR.; BB; Sodium 20mg; CONTAINS:MILK,SOY.; 1%; Total Carbohydrate 22g; 8%; DOUBLE CHOCOLATE INGREDIENTS: SUGAR.COCOA BUTTER.COCOA MASS; WHOLE MILK POWDERMARSHMALLOWS (SUGAR.GLUCOSE SYRUP.GELATIN,; Dietary Fiber <1g; 2%; SORBITOL.MODIFIED CORNSTARCH.DEXTROSE,ARTFICIAL FLAVOR,; TETRASODIUM PYROPHOSPHATE.EMULSIFIERS SOY LECITHIN.PGPR).; Total Sugars 21g; VANILLA EXTRACT; Includes 21g Added Sugars 42%; CONTAINS:MILK.SOY; Protein 2g; DISTRIBUTED BY FRANKFORD CANDY LLC; Vit. D 0mcg 0%  Calcium 45mg 2%; PHILADELPHIA,PA 19114; CHOCOLATE MADE IN BELGIUM; Iron 0.6mg 2%Potas. 75mg 2%; MOLDED AND PACKED IN CHINA; MARSHMALLOWS MADE IN CHINA;  The % Daily Value (DV) tells you how much; www.frankfordcandy.com;  a nutrient in a serving of food contributes to;  a daily diet. 2,000 calories a day is used for; Frankford;  general nutrition advice..",item_weight,35.0 gram
752266,IP65; 150W,wattage,150.0 watt
752266,220mm/8.66in; 150W; IP65; 305mm/12.00in; 32mm/1.25in; Ground; Wall; Ceiling,wattage,150.0 watt
752266,Durable & Flexible LED Floodlight; Thickened; Glass; High-Quality; LEDs; Die-Cast; Alumium Frame; IP65; 30W; Mental; Bracket,wattage,30.0 watt
752266,1P65; 30W; IP65; waterproof; .....; Dustproof; Heat-resisting; Frost-resistant,wattage,30.0 watt
299791,15.5g; 50cm; 4cm; BF; EST; FRIF; ANDS; 3.5cm,item_weight,15.5 gram
237000,JACQUARD; KNTTED MATERIAL; Super soft and comfortable creating a; custom upholstered look; 200GSM; Microfiber,item_weight,200.0 gram
179080,KOMFORT-PAKET; DAS HERZSTUCK :; STARKER UND EFFIZIENTER MOTOR FUR ANGENEHMEN FAHRKOMFORT; KRAFTVOLLE UND EFFIZIENTE; EXTREM LEISERUND; UNGLAUBLICHES DREHMOMENT; UNTERSTUTZUNG BIS; LEISTUNGSSTARKERMOTOR MIT; VON; 25 KM/H; 250 W; 45 NM,wattage,250.0 watt
884560,GGANBUTD; Your Old and Close Friend Ever!; How to Make; 1 tablet; Water; (10oz); Boil; Y; Y; 3 min.,item_volume,10.0 ounce
