group_id,text,entity_name,entity_value
630869,Product Weight-15 grams; Diameter-2.6 inch.; Openable; Diameter-2.6 inch.; Openable,item_weight,15 gram
801829,GREEN; SOUL; Gravity Self Locking Wheels; Safe & Stable; Auto Locked when the weight is more than 20 Kgs; Easy to Move.; Get up to unlock & slide freely,maximum_weight_recommendation,20 kilogram
751532,"10; OVERVIEWOF AFEWKEYTESTS; YEARS; 8 Unique Durability Tests Performed; Durability; Certified; Testedfor Impact; 100 KGWeight Drops X20,000Cycles; Tested for Strength; 360KG DistributedLoading; Tested for Stability; 100 KG Drops on Edge X 10,000 Cycles; Imoges arerepresentotive of lab testings",maximum_weight_recommendation,100 kilogram
375816,Issal; 001204000370; Brand Owned By:; CCL Products (India) Ltd.; Manufactured & Packed By:; CCL Products (India Ltd.Duggirala Mandal; Guntur District-522330.AP.india.; Marketed By:; Continental Coffee Pvt.Ltd.7-1-24/2/D.GreendaleAmeerpet.; Hyderabad-500016.T.S.India.; Issul; .10017047000094; Customer Care:; Otfice of Consumer Matters.Continental Coffee Pt.Ltd.; 71-24//DGreedaleAmerpetHyderbad-500016T.S.nd.; 040-23732455customercare@continental.coffee; www.continental.cofe Lke us  officialcontinentalcotfee; Follow uscontinentalcoffeeindia; MRP:; Incl.of all taxes; Date of Manufacture:; SEEBASE; Batch no:; OF THEJAR; Use By:; NET WEIGHT:50g; CLOSE THE JAR LID TIGHTLY AFTER USE,item_weight,50 gram
810266,Ekdum; 10c; naen.; NEED; MORE; a; CHAI; Ricei,item_weight,59 gram
281678,Tetley; ?; SINCE1837; HALF; TEA; Creen tea; SPOON; long leaf; BREW; 2 MIN; ORIGINAL; MAKES; D; 165; CUPS; PERFECI; TEA; 250 g; When made with half a teaspoon (1.5 g approx.) of tea.; Suggested serving only.,item_weight,250 gram
281678,Tetley; ?; SINCE1837; HALF; TEA; Creentea; SPOON; e; long leaf; BREW; 2MIN; ORIGINAL; MAKES; 200; CUPS'; PERFEC; TEA; 250 g; *When made with half a teaspoon (1.25 g approx of tea,item_weight,250 gram
281678,250 g; Tetley; SINCE1837; HAL; TEA; Creentea; SPOON; e; long leaf; BREW; 2MIN; ORIGINAL; MAKES; 200; PERFEC; CUPS'; TEA; 250 g; *When made with half a teaspoon (1.25 g approx of tea,item_weight,250 gram
281678,Tetley; GREEN TEA; GOODNESS OF; Tetley; SINCE1837; GREEN TEA; De; Creen tea; long leaf; O; ORIGINAL; MAKES; D; 200; CUPS'; 250 g; en nade w aspoon 1.25g appr ; Images are for illustration purpose only,item_weight,250 gram
281678,"Tetley; SINCE1837; NET WEIGHT:; 250 g; BN; Date of Packaging; Use By; MRP; Incl.of all taxes; Mkt by:Tata Consumer Products Limited; fssai; 1,Bishop Lefroy Road,Kolkata,; West Bengal-700020.; Lic.No.10014031001025; Mfg by:For mfg.unit details,read the letter at third place in batch; code (BN) and see below:; Tewari Warehousing Co.Pvt.Ltd.,20,Coal Berth Road; Kolkata-700088.Lic.No.10012031000059; Tata Consumer Products Ltd.,Pullivasal Packeting Center,; MunnarP.0.,Kerala-685 612.Lic.No.10012041000047; For method of preparation,please refer to side panel; CONSUMER CAREDETAILS:CUSTOMERCAREEXECUTIVE.TATA; CONSUMER PRODUCTS LTD.,KIRLOSKAR BUSINESS PARK; HEBBAL,BENGALURU-560024,KARNATAKA.TOLL FREE; NUMBER:18003451720EMAIL:care@tatac0nsumer.c0m; Storage instructions:Once opened,transfer the contents into an; airtight container and keep the lid tightly closed after each use.; AD; TATA; TATA is a registered trademark of; Tata Sons Pvt.Ltd.; PET-PE (Liner); 8901052087440; Images are for illustration purpose.",item_weight,250 gram
752266,210mm/8.3in; 600mm/2; 1200mm/48in; Embedded; InstallationSize:1185*585mm; Color Temperature:2000-9000K; LuminousFlux:8000Lm; Color Rendering Index(CRl):95Ra; Wattage:160w; Weight: 15kg; ProductDimension:1200*600*210mm/48Lx24wx8.3H; Control Method (Zigbee Intelligent Ecosystem):Tuya Samar APP/Smart Life APP,item_weight,15.0 kilogram
459516,Herbal; o ORIGIN o; QIST; AL-HINDI; Dassurea; Oslus; Contains a natural antibiotic & antiviral; To restore and cleanse the body and healthy lifestyle.; Has a wide range of uses for various swamping.; 100 CAPSULESI500MG,item_weight,500.0 milligram
459516,"PRECAUTIONS & NOTE; Herbal; OORIGIN; Using Qist Al-Hindiin large amounts; Pregnant and nursing women should; consulate with their doctor before tacking; People who have allergies to ragweed; and daisies should also take extra caution; Herbal; It is not recommended for persons with deep; disorders of pancreas and small intestine; o Origin o; 00; It is not recommended for persons with implan; ted(transplanted) organs of organic origin.; QIST; For patients using immunodrive drugs,.; AL-HINDI; the use of the product is contraindicated; Cesinen; Contains a natural antibiotic & antiviral; Qist Al- Hindi is not a medicine!; To restore and cleanse the body and healthy lifestyle.; Has a wide range of uses for various swamping..; Remember you should consult your physician; 100CAPSULESI700MG; for specific information concerning specific; medical conditions and dosage.",item_weight,700.0 milligram
459516,"Made with 100% natural ground; roots of Kist Hindi (Saussurea; Herbal; Costus) of the highest quality; ORIGIN; Store in a cool, dry place at; temperatures ranging from; QIST AL HINDIS; 10 to 25 degrees Celsius; RELEASE FORM; SAUSSUREA COSTUS; 500 mg and 700 mg; vegetarian capsule; ORIGIN:India; PROCESSING:; Saudi Arabia; Herbal; o ORigin 0; PACKAGING:; UNITED STATES by; Bahtiyar Corp.; QIST; AL-HINDI; Packed in a PET bottle; C; Saussurea; Oslis; of 80 and 100 capsules; Contains a natural antibiotic & antiviral; Torestore and cleanse the body and healthy lifestyle.; Has a wide range of uses for various swamping.; 100CAPSULES700MG; EXPIRATION DATE:24 months",item_weight,700.0 milligram
299791,14mm; 11mm; Weight:2.6g; Material:Copper; Chain Length:47cm+5cm,item_weight,2.6 gram
731432,VITAWORKS; kids; ZINC; chewables; DOCTOR; IMMUNE SUPPORT; 15MG serving; 120CHEWABLES; DIETARY SUPPLEMENT,item_weight,15.0 milligram
731432,VITAWORKS; kids; VITAWORKS; MADE IN; kids; GMP; THE USA; APPROVED; WITH GLOBAL AND; FACILITY; DOMESTIC INGREDIENTS; ZINC; chewables; IMMUNE SUPPORT; 15MGerving; 120 CHEWABLES|DIETARY SUPPLEMENT; DOCTOR; KOSHER; RECOMMENDED; CERTIFIED,item_weight,15.0 milligram
630869,Girth:18cm/7. 08in; 0.8cm/0.31in; wei ght: 20g,item_weight,20.0 gram
299791,"Product Details; Maximum Adjustable Inner; Circumference: 25inches; 1.77""; Black Obsidian; 0.27""; Net Weight:8g.",item_weight,8.0 gram
731432,"NEW; NON-MEDiCATED  NON-ADDiCTIVE; FESEARLEN; QUiTLY; SupplementF; Serving Size:1 Gummy Serving perc; Calories 10; Amount Per Serving; Total Carbohydrate; Dietary Fiber; R; Total Sugars; Includes Added Sugars; L-theanine; VitaminB3; Quit AlcohoBlend 120.0 mg; QUiT ALCOHOL; Magnesium.Potassium Kudzu.Root.; Blend-N-Acetyicysteine,; SUPPORT; EVERYTHING YOUR BODY; PACKED INTOA POWERFU; Scan; GUMMiES; mnee; EASY&CONV; GRAB ON THE; FOR DRiNKiNG; Please put wrappers in the trash; HELPS STOP NATURALLY; OURPRONSEHEEP EVE; EASiLY & QUiCKLY; 00000; 99; SPARKLING; 2702/V0; FINK BERRS; NATURAL DAILY HEALTH SUPPLEMENT",item_weight,27.0 ounce
373285,"REAL; FRUIT; Outshine; REAL; FRUIT; REAL; REA; FRUIT; FRUI; Outshine; FRUIT & YOGURT; ine,; FRUIT&YOGURT; SMOOTHIE; SMOOTHIE; Outshine; 24; PEAR; PEAR; VANILLA; VANILLA; FLAVORED WITH OTHER NATURAL FLAVORS; Og ADDED SUGARS; 60; PACK; A; MADE WITH; CALORIES; Excellent; NOGMO; sourin; Og Added; Made with; NOMDENTS; NONFAT YOGURT; PER POUCH; Sugar; Real Fruit; Made with; Heat treated after culturing; Non-Fat; NETWT; Yogurt; NO ARTIFICIAL; 3.5 OZ (99G); COLORS OR FLAVORS; NET WT 3.5 0Z (99g); 320saae; TETMO",item_weight,99.0 gram
373285,Fruit & yogurt smoothies; REAL; FRUIT; Outshine; FRUIT & YOGURT; SMOOTHIE; PEAR; VANILLA; OTHERAIA; FLAVORS; NET WT 3.5 0Z (99g),item_weight,99.0 gram
373285,"ENJOY A; FRUIT &; YOGURT; SMOOTHIE; REAL; FRUIT; Outshine Pear Vanilla; Outshine; Yogurt Smoothie is a.; delicious blend of sweet; FRUIT & YOGURT; vanilla, juicy pears, and.; SMOOTHIE; real yogurt. The product; comes in a shelf-stable; PEAR; VANILLA; pouch, offering; FLAVORED WITH OTHER NATURAL FLAVORS; Og ADDED SUGARS; 60; convenience and ease of; MADE WITH; CALORIES; NOGMO; use on-the-go; NONFAT YOGURT; PER POUCH; SOREDENTS; Heat treated after culturing; NO ARTIFICIAL; COLORS OR FLAVORS; NET WT 3.5 0Z (99g)",item_weight,99.0 gram
373285,Og ADDED SUGARS; NOARTEACIALCOLORS; NO FRIDGE NEEDED; REAL; FRUIT; utshine; FRUIT&YOGURT; SMOOTHIES; PEAR; VANILLA; REAL; REAL; ERUI; REAL; REAL; Outshir; utshine; FRUIT; FRUIT; FRUIT &YOGURT; RUIT&YOGURT; SMOOTHIE; Outshine; Outshine; SMOOTHIE; PEAR; FRUIT &YOGURT; FRUIT&Y; PEA; VANILLA; VANI; SMOOTHIE; SMOO; FLAVORED WITH OTHER NATURAL FLAVORS; VORS; Og ADDED SUGARS; 60; MADE WITH; CALORIE; NONFAT YOGURT; PEAR; P-; Heat treated after culturing; VANILLA; NO ARTIFICIAL; COLORS OR FLAVORS; FLAVORED WITH OTHER NATURAL FLAVORS; Og ADDED SUGARS; NET WT 3.5 OZ 99g); MADE WITH; CALORIE; NOGMO; NOGMO; NONFAT YOGURT; Heat treated after culturing; NO ARTIFICIAL; COLORS OR FLAVORS; NET WT 3.5 OZ (99g; A tasty option for; the whole family.,item_weight,99.0 gram
373285,TRY YOUR; Og ADDED SUGARS; Og ADDED SUGARS; NOARTFAVORSOLORS; NO ARTEAVIALCOLORS; NO FRIDGE NEEDED; NO FRIDGE NEEDED; REAL; REAL; FRUIT; FRUIT; FAVORiTE FRUiT; Outshine; Outshine; FLAVORS; FRUIT&YOGURT; FRUIT & YOGURT; SMOOTHIES; SMOOTHIES; 60; BLUEBERRY; PEACH; RASPBERRY; PEAR; MADE WITH NONFAT YOGURT; 4; MADE WITH NONFAT YOGURT; 4; NOGMO; NOGMO; 4-3.50Z99gPOUCHES/NETWT140Z (396g); 4-3.50Z (99g)POUCHES/NETWT140Z (396g); POUCHES; POUCHES; Og ADDED SUGARS; Og ADDED SUGARS; NOARTEAVALCOLORS; NOARTEAVALCOLORS; DEWITA; NO FRIDGE NEEDED; E-WITA; NO FRIDGE NEEDED; REAL; REAL; FRUIT; FRUIT; Outshine; utshine; FRUIT &YOGURT; FRUIT &YOGURT; SMOOTHIES; SMOOTHIES; 90; PEAR; STRAWBERRY; VANILLA; COCONUT; FLAVOREALYTAVO; MADE WITH NONFAT YOGURT;  MADE WITH NONFAT YOGURT; NOGMO; 4; 43.50Z99POUCHESNETW140Z(396g; NOGM; POUCHES; 4-3.50Z (99gPOUCHES/NETWT140Z (396g; POUCHES,item_weight,396.0 gram
373285,"Nutrition Facts; Serving Size; 1 Pouch (99g); Amount per serving.; 60; Calories; % Daily Value*; Total Fat 0g; 0%; Saturated Fat 0g; 0%; Trans Fat 0g; Cholesterol Omg; 0%; Sodium 15mg; 0%; Total Carbohydrate 14g; 5%; Dietary Fiber 2g; 7%; Total Sugars 9g; Includes Og Added Sugars; 0%; Protein 1g; Vitamin D 0mcg 0% : Calcium 30mg 2%; Iron0.1mg0%Potassium 160mg 2%; The % Daily Value DV tells you how much a nutrient in; a serving of food contributes to a daily diet.2,000; calories a day is used for general nutrition advice; Please refer to the product label for the most accurate; nutrition, ingredient, and allergen information.; INGREDIENTS:PEARS.APPLE PUREE; CONCENTRATE,WATER, CULTURED; NONFAT MILK.2%OR LESS OFPECTIN; NONFAT MILK, NATURAL FLAVOR; VANILLA BEAN SPECKS; CONTAINS:MILK",item_weight,99.0 gram
373285,"Nutrition Facts; Serving Size; 1 Pouch (99g); Amount per serving; 60; Calories; REAL; %Daily Value*; FRUIT; Total Fat Og; 0%; Saturated Fat 0g; 0%; Trans Fat Og; Outshine; Cholesterol Omg; 0%; Sodium 15mg; 0%; Total Carbohydrate 14g; 5%; FRUIT & YOGURT; Dietary Fiber 2g; 7%; SMOOTHIE; Total Sugars 9g; Includes Og Added Sugars; 0%; PEAR; Protein 1g; VANILLA; FLAVORED WITH OTHER NATURAL FLAVORSE; Vitamin D 0mcg 0%Calcium 30mg 2%; Og ADDED SUGARS; 60; Iron0.2mg2%Potassium 160mg2%; MADE WITH; CALORIES; NOGMO; NONFAT YOGURT; Heat treated after culturing; The % Daily Value DV tells you how much a nutrient in; NO ARTIFICIAL; a serving of food contributes to a daily diet.2,000; COLORS OR FLAVORS; calories a day is used for general nutrition advice; NET WT 3.5 0Z (99g); NGREDIENTS:PEARS.APPLE PUREF; CONCENTRATE, WATER, CULTURED NONFAT; MILK WATER, 2% OR LESS OF PECTIN, NONFAT; (pee) SOC.8TWT3; MILK, NATURAL FLAVOR, VANILLA BEAN; COrOBE OB ErAAOBE; SPECKS.; e1te19116 b91693169; CONTAINS:MILK.; TAUOOY TAANON; Please refer to the product label for the most accurate nutrition, ingredient, and allergen information.",item_weight,99.0 gram
373285,"Outshine; Enjoy Four Delicious; Smoothie Flavors; Outshine offers a variety of delicious smoothie flavors,.; including Peach Raspberry, Strawberry Coconut, Blueberry; Pear & Pear Vanilla.Each flavor is made with real fruits and; contain no artificial flavors or colors; ADE WITH; ADEWITH; REAL; REAL; FRUIT; FRUIT; Outshine; REAL; Outshine; REAL; FRUIT; FRUIT; FRUIT &YOGURT; FRUIT&YOGURT; SMOOTHIE; SMOOTHIE; Outshine; Outshine; PEACH; PEAR; FRUIT&YOGURT; RASPBERRY; FRUIT &YOGURT; VANILLA; SMOOTHIE; SMOOTHIE; FLAVORED WITH OTHER NATURAL FLAVOR; Og ADDED SUGARS; Og ADDED SUGARS; MADE WITH; MADE WITH; NONFAT YOGURT; STRAWBERRY; NONFAT YOGURT; COCONUT; BLUEBERRY; NO ARTIFICIAL; PEAR; NO ARTIFICIAL; COLORS ORFLAVORS; COLORS OR FLAVOR; Og ADDED SUGARS; NET WT 3.5 OZ (99g); Og ADDED SUGARS; NET WT 3.5 0Z (99g); MADE WITH; NONFAT YOGURT; MADE WITH; NO ARTIFICIAL; COLORS OR FLAVORS; NO ARTIFICIAL; COLORS OR FLAVORS; VETWT3.5OZ (9g); NET WT 3.5 0Z (99g)",item_weight,99.0 gram
675317,POLYGONAL HANDLE SIZE; 30mm (1.18in); 12mm; (0.47 in); 28mm; (1 in); 15mm (1/2 in); Unit Weight: 1.1 0z(32g).,item_weight,32.0 gram
844474,PRODUCT DIMENSIONSS; Belt length: 31.5-59in/80-150cm; Weight:1.2lb/0.55kg; 29cm/11.4in; 12cm/4.7in; 22cm/8.7in,item_weight,1.2 pound
373285,FAMILY OWNED; LUCYS; SHAKE WELL IAGIEN; Nutrition Factsd; EST.2003; 1; LEMON; Calories; 100%; JUICE; SAME GREAT TASTE!; HEWLOOK; NATURAL VITAMIN C; Net 128 fOZ1GAL3785 ml; JUICE EQUAL TO 84LEMONS,item_volume,128.0 fluid ounce
373285,LUCYS; SHOKEWEL; Nutrition Facts; EST.2003; LEMON; JUICE; MEGWLOOK; NATURAL VITAMINC; (IGAL),item_volume,128.0 fluid ounce
459516,TESTORIN; performance for man; NUR FUR MANNER; HOCHDOSIERTE TROPFEN; 10ml,item_volume,10.0 millilitre
459516,NUR FUR; MADE IN; MANNER; GERMANY; TESTORIN; performance for man; UNTERSTUTZT; HOCHDOSIERTE; MUSKEL-; TROPFEN; NUR FUR MANNER; WACHSTUM; HOCHDOSIERTE TROPFEN; 10ml,item_volume,10.0 millilitre
459516,ANWENDUNG:MORGENS 5 PIPEITEN; TROPFEN UNTER DIE ZUNGETROPFEN.; TESTORINE; TESTORIN; performance for man; O; NUR FUR MANNER; 10ml,item_volume,10.0 millilitre
459516,ANWENDUNG; BEITESTOSTERON; MANGEL; TESTORIN; performance for man; NUR FUR MANNER; 10mL,item_volume,10.0 millilitre
928606,"<EURIG; Klced; SINGLE SERVE COFFEE MAKER; 17.1""; (when; open); PRODUCT; DIMENSIONS; Height: 12.6""; 17.1"" (when open); Width: 5.1""; Depth: 12.9""; Weight: 4.4 Ibs; :EURIG; KEURIG; 12.6""; 12.6""; 6.6""; 7.4""; with drip tray); (without drip tray;; fits a7""travel mug); 12.9""; 5.1""",item_weight,4.4 pound
523149,DIAMOND; CENTRAL; CENTER; Weight:; Center Stone:; Pure Brilliance Zirconia:; 2.9 grams; 1.7mm * 18 pcs; 10mm x 8mm; 10 mm,item_weight,2.9 gram
487566,4-LAYER; LYN; ?; COMPOSITE TECHNOLOGY; Non-woven Fabric; HEAVYDUTY WORK; PE Material; 6X Tougher; 40% Lighter; Non-woven Fabric; Aluminum Foil; WHY LYN?; 30%CHEAPER; stronger material; better workmanship; same function; Capable of Lefting; 35 Pound Weight,item_weight,35.0 pound
487566,Weighs 1.6 Ib Only (725g ); Free Mesh Bag; 9ft(270cm); 12 x 7 x 2 inches; 7ft(205cm); (29 x l7 x 6cm); SUnLit,item_weight,725.0 gram
179080,48V500w high speed front drive motor,wattage,500.0 watt
179080,48V500w high speed front drive motor,voltage,48.0 volt
752266,"12V DC ONLY; RV Interior LED Dinette Light; A vintage pendant light fixture for; interior 12volt DCillumination,idealfor; kitchen island, dining room, over the; table, couch, living room, etc.",voltage,12.0 volt
524635,Antiscabiosum 25%; fur Erwachsene; Emulsion mit Benzylbenzoat; zur Anwendung auf der Haut; Antiparasitares Mittel; zur Kratzebehandlung,item_weight,200.0 gram
524635,wur Awendingau de Hiaut; Blesind; JDA; alkonn; wigtes; Dangbeatien; fur Erwachsene; Antiscabiosum 25%; fur Erwachsene; Emulsion mit Benzylbenzoat; zur Anwendung auf der Haut; Antiparasitares Mittel; zur Kratzebehandlung,item_weight,200.0 gram
881883,37.10; mm; 37.10 mm; OF; IED; IN; GODWE; TRUST; LIBERTY; S; 106 g / Paire; 32.00 mm,item_weight,106.0 gram
881883,"Pourquoi choisir nos poids de rideau de douche?; Autres; 1. Trop leger et moins de 1; oz/paire; 2. Colle et aimants faibles; 3. Facile a tomber et a; casser; Les notres; 1. Aimants lourds et env.; 3,6 oz/paire; 2. Housse en silicone de; qualite superieure et.; aimants puissants; 3. Pas de chute et.; anti-collision",item_weight,3.6 ounce
442321,57.5*14.6*8.3in; MEAS:146*37*21 cm; 32.3KG/71.2LB; G.W:; QTY1PC; ITEM NO:10NBZYELT-140BEU,item_weight,71.2 pound
373285,RANCIA; ARANO; 750Gt,item_weight,4.0 gram
810266,VISO; TI; 1208; Di; A.; LEBEN; CON; LIEBEN; LACHEN; BRPPT; LALLEN; 2006; LIEBEN; NOSTRE; CANTINE,item_weight,1208.0 gram
