group_id,text,entity_name,entity_value
630869,6.2cm; Weight:24g,item_weight,24.0 gram
208023,Fits 4 x 6 inch photos; 300 e SM thick cardboard; 150; 7.5inch/19cm; 5.5inch/14cm; 3.5inch/9cm; 5.5inch/14cm,item_weight,300.0 gram
152057,EREATABIE; SEVERETT; NDREW; Thin Sliced; American Chees; Udderly the Best!; NET WT7OZ(199g),item_weight,199.0 gram
152057,"Nutrition Fact; Serving Size:1 slice (22g); Servings per container:about; Amount Per Serving; Calories 100; Calories from Fat; %Daily Valu; Total Fat 8g; 12; Saturated Fat 5g; 23; Trans Fat Og; Cholesterol 25mg; 9%; Sodium 340mg; 14%; Total Carbohydrate<1g; 0%; Dietary Fiber Og; 0%; Sugars 0g; Protein 5g; Vitamin A6%; Vitamin C0%; Calcium 15%Iron 0%; *Percent Daily Values are based on a 2,000; lower depending on your calorie needs:; Calories; 2,000; 2,500; Total Fat; Less than; 65g; 80g; SaturatedFat; Less than; 20g; 25g; Cholesterol; Lessnan; 300m; 300ng; Sodium; Less than; 2,400mg; 2.400m; TotaCarbohydrate; 375g; ig; Dietary Fiber; 25g; 30g; Calories psr gram:; Carbohydrate 4  Protein 4; Fat9",item_weight,22.0 gram
752266,LIGHTING; SAFE; LED; 6000,wattage,2.4 watt
675317,PRODUCTSIZE; 6cm; 115mm; 6cm; 5.5cm; 3PCS; 1PCS; Material:Silicone; Material:PU leather; Weight: 25g; Weight: 7g,item_weight,25.0 gram
237000,"CUSCINI COPRISEDIA; UNICA MISURA MADE IN ITALY; CUSCINO IMBOTTITO CON LEGACCI; PESO : 0,200 Kg; MISURA : 40x40x5 Cm; MISURA LEGACCIO : 30 Cm; NON SFODERABILE; 50 % COTONE; 50 % POLIEstErE; 30 Cm; 40 Cm; LEGACCIO; 5 Cm; 40 Cm; PRODOTTO IN ITALIA; 8XBX",item_weight,200.0 kilogram
589105,GMr.You; SERIES PRODUCTS; COVER ON4 SIDES-AND THE; BACKGROUND HAVE; 2 ROPE TO ADJUSTABLE; 100 % WATERPROOF; BACKSIDE ADIUSTABLE CORD; HIGH QUALITY ZIPPER; PLAID WITH EDGINE DESIGN,item_weight,4.0 ton
752266,"T4.72; Required; 5 X E12 Bulbs; Adjustable Chain; maximum35.5; (Bulbs Not Included); 21.65""; (H); Max 60w Each; AC110V; 21.65""; (Dia)",voltage,110.0 volt
752266,"T4.72; Required; 5 X E12 Bulbs; Adjustable Chain; maximum35.5; (Bulbs Not Included); 21.65""; (H); Max 60w Each; AC110V; 21.65""; (Dia)",wattage,60.0 watt
611510,"Dimensions; Weight: 9.2LBS; 17.7""; 11.8'; 15 ""; Weight Capacity: 250LBS",item_weight,9.2 pound
866516,Weight: 5.78 oz.; Material: Resin; Height: 6.30 inches; Length: 2.36 inches; Width: 2.36 inches,item_weight,5.78 ounce
752266,12cm/4.72in; TT; Light bulb interface; 25cm/9.84in; 40cm/15.74in,voltage,250.0 volt
296366,"Smaller,Lighter,Stronger; Enerkey charger is smaller and lighter with more powerful features.; Ours; Others; 8.3 inches/211mm; 1.81""; 2.7 inches/68 mm; 46 mm; 6.9 inches/175 mm; mm; 7.45'; 189 mm; Weight; Weight; 1.29 lbs / 585g; 3 lbs/1.3 kg; * Note:The dimensions have a 0.5mm tolerance",item_weight,585.0 gram
299791,000; 25mm; Stainless steel; Name; 25mm; Weight: About 9g; TIPS:manual measuring permissible error,item_weight,9.0 gram
881883,WEIGHT:35G; Weighted Hem Helps to Keep in Place,item_weight,35.0 gram
459516,"OMGROWN; 100; USDA; M; 2,000MG; ORGANIC; VERIFIE; SERVINGS; MUSHROOM; Om; SUPERFOOD; R; CORDYCEPS; SUPPORTS; ENERGYPOWERENDURANCE; CERTIFIED ORGANIC; MUSHROOM POWDER; DIETARY SUPPLEMENT; GLUTEN FREE; VEGAN; GROWN IN USA; NET WT.200 GRAMS 7.050Z)",item_weight,200.0 gram
459516,New Packaging; Same Size. Same Powder.; 80%; LESS PLASTIC; 100; 000MG; Om; MUSHROOM; SUPERFOOD; om; MUSHROOM; 100; SUPERFOOD; SERVINGS; CORDYCEPS; CORDYCEPS; SUPPORTS; ENERGYPOWERENDURANCE; ENERGYPOWERENDURANCE; CERTIFIED ORGANIC; MUSHROOM POWDER; DIETARY SUPPLEMENT; GF); V; DIETARY SUPPLEMENT POWDER; NO SUGAR ADDED GROWN IN USA; NET WT 200g(7.05 OZ); NET WT.200 GRAMS (7.050Z,item_weight,200.0 gram
459516,Energize Your Day.; 100; USDA; SERVINGS; MUSHROOM; Om; SUPERFOOD; CORDYCEPS; SUPPORTS; ENERGYPOWERENDURANCE; CERTIFIED ORGANIC; MUSHROOMPOWDER; DIETARY SUPPLEMENT; GLUTEN FRE; ROWN INUSA; NET WT.200 GRAMS 7.050Z,item_weight,200.0 gram
459516,"2,000mg Organic Mushroom Superfood; Per Serving for Optimal Support.; CORDYCEPS; Helps elevate energy, vitality and endurance.",item_weight,2000.0 milligram
459516,"THE SUPERFOODIE OF SUPERFOODS; Mushrooms contain many unique bioactive nutrients that can't be found in plant or animal sources; alone. Each serving of Om provides 2,000mg of Certified Organic Mushroom Powder Blend.; Mushroom Your Microbiome.; Functional Without Anything Funky Added.; No Nutrients Left Behind.; CORDYCEPS; Supplement Facts; NATURE'S OVER-ACHIEVER.; ServingSize 2 grams (approx.1 tsp); If theres one organic mushroom that just wont quitCordyceps is it.This; Servings Per Container 100; power mushroom was originally discovered by Tibetan herdsman at high; altitudes.Prized by herbalistsCordyceps helps support physical energy; Amount Per Serving % Daily Value; and vitality by optimizing oxygen uptake and increasing endurance.; Calories; 10; Ignite your inner strength and stamina to achieve your goals.; Certified Organic; Mushroom Powder Blend; 2g; Organic Cordyceps (Cordyceps militaris) mycelial; Tested for heavy metals.; biomass &fruit body.; Daily Value DV) Not Established; Complete transparency ID testing.; Other Ingredients: Organic Myceliated Oats.; SCOOP.STIR.OMMM YOUR DAILY RITUAL; WE GROWOUR OM.; Add 2 grams approx.1 tsp daily to super your smoothie,mushroom; We grow a diverse range of organic mushroom species at our indoor; your matcha,boost your coffee and nourish your recipes.For optimal; support take 4 grams approx.2 tsp) per day; farm in California and capture the complete nutritional value of the; growing cycle.Whole food mushrooms are important because they; provide a full spectrum of active compounds to support optimal; health.So you can bet your beta glucans they're effective; Scan code to; @ommushrooms &; learn more; What's a beta glucan?Find out at OmMushrooms.com; These statements have not been evaluated by the Food and Drug Administraton; Produced by:M2 Ingredients; 5931 Priestly Dr.#101.CarlsbadCA 92008; Distributed by: Om Mushroom Superfood; Take as directed. If you have a medical conditionare on medication; 5931 Priestly Dr.#101CarlsbadCA 92008; or are pregnant or nursing.please seek the direction of a qualified; health care professional before using.Store in a cool, dry place.; ERTIFIED ORGANIC; See Supplement Facts; TIFIED KOSHER; RECYCLED MATERIALS; BY EARTH KOSHER; 5003055324",item_weight,2000.0 milligram
186035,"POWER; DCINPUT; A; ""AC; AC-230V; DC; USB; In(Out); Output 1; Output2; Output3; NOVOO",voltage,230.0 volt
186035,"VERSATILITY; POWER; DCINPUT; AC; AC230V; DC; USB; NOVOO; AC Outlet230V; Cigarette Output; Type-C PD 45W Max; 300W Max; 11V-17V 1OA Max; Laptop,Game Console; Light, TV,Drone,; Electric Scooter; 2 x 5.5mm DC Output; 11V-17V 10A Max Each; 88; USB-A QC 3.O 18W Max; Car Refrigerator,; Car Vacuum Cleaner; 2 x UsB-A 5V 2.4A Max Each; Smartphone,Tablet, Mini Fan,Camera",voltage,"[11.0, 17.0] volt"
186035,FOUR RECHARGE OPTIONS; Solar Charger; DC INPUT; 6.5H Full; (Not included); POWER; OC INPUT; AC; AC230V; DO; asn; Car Charger; Adapter; 9.5H Full; n(Out); Oupu; (Included); USB; Outpt; DC; NOVOO; In(Out); AC/DC Adapter; 18V/3A; 7.5H Full; (Included); DCINPUT; Two Ports; PD; ADC; Recharging; USB; Together:; Type-C PD Charger; E; 45W Max; 4H 4; 7.5H Full; (Not included),voltage,18.0 volt
459516,"HealthVeda; 0; R; G; A; N; C; S; ASHWAGANDHA; FORSTRESS REDUCTION&ENERGY; Stress; BOOST,REJUVENATES MIND&BODY; Boost Immunity; With Anti-inflammatory Properties,; Improves Muscle Strength,; Relieves Stress &Anxiety; Energy; fssai; 60TABLETS; 1000 mg; Lic.No.11422999000096",item_weight,1000 milligram
993359,Flora; GARLIC; Net Wt.10 oz280g),item_weight,280.0 gram
299791,C; CLARA; 20mm; 12 mm; Total Weight = 3.6 g; 925 Sterling Silver; Finest Quality Swiss Zirconia; Rose Gold Plating,item_weight,3.6 gram
630869,"Forever & Always; Always & Forever; 8mm/(0.3; 40mm/(1.57; Material:Stainless steel Nylon rope material; Perimeter:Adjustable 17-26cm (6.7-10.2""); Weight:9.82g",item_weight,9.82 gram
449021,RUGHT; STGR iC,item_weight,1.25 kilogram
449021,"SIZE CHART; OUNCE; HAND LENGTH; WEIGHT; 6OZ; 13-16CM; 35KG follwing; 8OZ; 14-17CM; 35KG-50KG; 100Z; 15-18CM; 50KG-70KG; 12OZ; 19-22CM; 70KG above; *Note:hand length refers to; 14OZ; 22CM above; 85KG following; the middle finger distance; from tip to wrist; *Note:if the dimension is measured manually,; therewill be an error of 1-3cm",item_weight,35.0 kilogram
767202,"HIGH CAPACITY; BLACK; 1,000 pages; TONER; OTHER; EXPERTE; BRANDS; *at 5% A4 coverage",item_weight,2.0 ounce
918474,"Provide A Healthy and Happy Life for Your Children; HIGH-DENSITY; ZIPPER WITH; HEAVY DUTY JUMPING; GAUSE:; BUCKLE:; MAT MADE OF; HIGH OUALITY AND; DOUBLE INSURANCE,; STANDARD PP; UV-RESISTANT FOR; ENHANCE THE; BOUNCING CLOTHER; ENSURING THE; SAFETY OF; (265G/M); SAFETY OF THE; CHILDREN'SPLAYING; HIGHER RESILIENCE,; PLAYING PROCESS; PROCESS; WEAR-RESISTANT,; FIRM AND SAFE",item_weight,265.0 gram
281678,"GN+V; Ke; Pinalim; 9000; Te; Tea basede Pina,Linaza,; Te Verde,Te RojoyTe Blanco.; Contenidoneto 90g; GN+Vida; Contenido30sobres de3gc/u; Grupo Nutrivida+Vida; Pn; ANN; GN+V; K; Pinalim; Tea based on Pinneapple,Flax,; Tea; Green Tea, RedTea &White Tea.; NetWt.3.17oz; GN+Vida; Grupo Nutrivida+Vida",item_weight,3.17 ounce
281678,PARAROPA BLANCA YDE COLOR; Blangueador; PERCARBONATO'S; POTENCIADOR DEL DETERGENTE; La fuerza del oxigeno libre; DESENGRASA; ELIMINA MANCHAS RESISTENTES; TAMBIEN PARA LAVADO A MANO.; FIJA LOS COLORES.; PARA ROPA BLANCA YDE COLOR.; BLANQUEA TODA CLASE DE TEJIDOS; Peso Neto 750 g,item_weight,750.0 gram
507848,16 kg; enwoks; 48; LIGHTWEIGHT; EASY TO; MANEUVER; AND; STORE; -,item_weight,16.0 kilogram
275506,"2023; Bluetooth 5.3.; ONE STEPAUTO PAIRING; Step1: Open the lid (Earbuds auto power on); Step2: After open the Phone Bluetooth, Click; the<Q76>to Pairing; 15M; 15M; 6:03; <Bluetooth; Q; On; PREVIOUSLY CONNECTEDDEVICES; 6; Q76; See all; When Bluetooth is turned on,your device can communicate; with other nearby Bluetooth devices.",item_weight,2023.0 ounce
767202,13C; CARTRIDGE; KARTUSCHE; TONER; TH#SET117A; For.use l; NO OEM PRODUCT/KEIN ORIGINAL PRODUKT; Content:1 Toner Cartridge; areth; Inhalt:1 Toner Kartusche; dienen hier nur; NT-PH2072Y; A; CEA,item_weight,179.0 kilogram
179080,MAX SPEED 15.53MPH; GRADIENT 15; M00t OL dO YVOd; STRONG; 250W; MOTOR,wattage,250.0 watt
487566,All Season Use; 280 GSM; Ultra-Soft Micro; Fleece Blanket; Fine Workmanship; Unique weaving process; advanced edge stitch; technology,item_weight,280.0 gram
281678,Taimei Teatime; WHIlTE PEACH; Oolong Tea; Freshness--No Light No Air; Taimei Teatime; WHITE PEACH; Oolong Tea; REMIU; 20TEA BAGS; 100%; IDIVIDUAUY WRAPPED; 5mins; 190-209; 4g; 200ml; Net Wt.2.82oz/80g; 5mins; 190-209F; Biodegradable Corn Fiber Tea Bag; bt; No Plastic Residue; Biodegradable Corn Fiber,item_weight,2.82 ounce
281678,I; WHITE PEACH; Oolong Tea; 20TEA BAGS; 100%; Net Wt.2.82oz/80g; 4g; 200ml,item_weight,2.82 ounce
501250,Cushion stuffing; .Fallwatte; Ready to Start; vaessen; Vulmateriaa; Ovatta per; Ouate de rembourrage; Relleno de fibra,item_weight,1000.0 gram
179080,"D; E; Handlebar Width; 65cm; Top Tube Length; 75 cm; 24,5 KG; Bicycle Weight; Head Tube Length; 14cm; Handlebar Height; 105 cm; 160-190 cm; Max. Seat Height; 101cm; Recommended Height; Mini. Seat Height; 84cm; MAX 120KG; Wheelbase; 110 cm; Load Capacity; H; Total Length; 170cm",item_weight,24.5 kilogram
299791,Eight sizes of the chain:; A.35cm (14inches) Net weight:6.9g; B.46cm (18inches) Net weight:9g; C.51cm (20inches)Net weight:9.5g; D.55cm (22inches)Net weight:10g; E.61cm (24inches)Net weight:11g; F.66cm (26inches)Net weight:12g; G.71cm (28inches)Net weight:15g; H.76cm (30inches) Net weight:16g; High Quality Black Plated; 3mm(0.1inch),item_weight,6.9 gram
801829,Product Dimension.; 66.55 x 61.98 x 96.27 cm; 9.98 Kilograms; 270; LBS; 970-1070mm; 448mm; 510mm; 430-530mm,maximum_weight_recommendation,270 pound
524635,Net Quantity 200ml; L-Carnosine Syrup; CogniCare; fssat; Lic No10016042002837,item_weight,200 millilitre
488883,"Approximate Dimensions; Maximum Load285LBS; 14""; 71/2""; 3/4""; 161/2""; 81/4""",maximum_weight_recommendation,285 pound
549052,Antlers; A3; 45x30cm; will; vary; in size and; shape; Size: L; Weight:120200g; Lenght:11-27cm,item_weight,200 gram
675317,"MEASUREMENTS; 6.4""/162mm; 0.5""; 4""/102mm; Hole Center; Overall Length; Height; Diameter; Single Weight; 4""/102mm; 6.4""/162mm; 1.25""/32mm; 0.5""/12mm; 1.59oz/45g",item_weight,1.59 ounce
630869,19 cm; Weight: 3.40g; Metal: 9ct Yellow Golq; Clasp: Lobster; Finish: Polished.; Width: 0.65cm,item_weight,3.4 gram
