group_id,text,entity_name,entity_value
752266,Also Includes:; 9 Pods and Grow Domes; Attachable Trellis; AeroGarden; Product Overview; Quick Setup Guide; LEDGrow; Light.; AeroGarden; e to the Worid of In-Home Gardening!; ht Pos; Liquid; Plant Food; Nurtured by Miraclero; NET WT3OZ 85 g; Quick Planting Guide; Liquid Plant Food,item_weight,3.0 ounce
299791,6e6; Te amo; 5555; wsn; Jeg elsker dig ; A3 TeM; Ljubimte; Mwe; wrth fy moddich; bd j nnn; AnonoTe; ban; desorata; e dich; 655; Jsainyo; Jet'aime; 13014,item_weight,7.0 pound
281678,PortionsgroBe; 100ml100 ml; Fett; 0Gramm; davon:; -Gesattigte Fettsauren; 0Gramm; Kohlenhydrate; 0.2 Gramm; davon:; -Zucker; 0.1 Gramm; EiweiB; 0Gramm; Salz; 0Gramm,item_volume,100.0 millilitre
507848,"ODSPARES; SPINDLE ASSEMBLY COMPATIBLEWITH:; Enduro/Cub Cadet: XT1-GT54,XT2-GX54; XT1-ST54 FAB, XT2-GX54 FAB KH Yard Tractors;; UItima ZT1 54, UItima ZT2 54 Zero-Turn Mowers;; MTD ZT-L54 KH, ZT-S54 KH, Craftsman T8400; G8600,G8400,Z6900,Z6600,Columbia; CGT5426, CSLT5424; MTD/Craftsman:T8400,G8600,G8400,Z6900,Z6600; Columbia:CGT5426,CSLT5424 Lawn Tractors; Columbia; ZT-L54 KH and ZT-S54 KH Zero-Turn Mowers; Troy-Bilt:TB2454,13AQA2KW011 Bronco; 13WQA2KW011 Bronco Yard Tractors; 17ARCACW011; Mustang XP,17ARCBDW066 Mustang XP; 17BDCACW066 Mustang XP; Zero-Turn Mowers",item_weight,8600.0 gram
523149,"Ring size options: US size 7, 8, 9, 10, 11, 12,13,14; 18.5mm/0.77inch; 19mm/0.74inch; Austrian Rhinestone; Thickness :1.7mm/0.06inch; Sturdy stainless steel; Net weight:15.3g",item_weight,15.3 gram
752266,"SPECIFICATION; Material; ABS+PS; Power Source; 100% Solar Powered; Solar Pane!; 2V/0.3wMonocrystalline Silicon; Lighting Color; Warm White; Waterproof Grade; IP67; Charging Time; 6-8Hours; Working Time; 10-12 Hours; NOTE; 1.Make sure the switch is ON before using,or the solar pathway; lights won't light or charge.; 2.Please remove the transparent protective film on the solar; panel, this will allow the solar panel to receive more sunlight.; 3.As the charging effect of the solar panel is depended on the; sunlight,the lighting time is affected by weather,seasons; places,etc.; 4.Fully charged the solar panel under sunlight for 10 hours at; the first time use.; 5.Please keep the panel clean and put it directly in the sun to; get enough solar energy to charge.; 6.lf the ground is too hard,do not insert it into the ground; forcibly,please try to soften the ground with water and use; shovel to avoid the stake breaking.",voltage,2.0 volt
641642,How To Connect; LED; Strip Lights?; +15A; IRReceiver; RGBCONTROL BOX; IRREMOTE CONTROL; INPUT VOLTAGE:DCI2V; DUTPUT CURRENTIZA(MAX; CE; AC/DCADAPTER; Arrow to+12V; 15A; Adapter; IR Remote,voltage,12.0 volt
641642,Cuttable; Linkable; 3M Adhesive; R; +120; +12U,voltage,12.0 volt
369753,"PERFECTLOOK; London; PERFECTLOOK; London; FECTLOOK; BLACK MASK; DON; BLACK MASK; PEEL-OFF;  mask effectively; ates skin and; PEEL-OFF; professional;  oves dit and; DEEP CLEANSING; ins. t richs in mild; professional; deffective ormula,; intains Activated; DEEP CLEANSING; WITH BAMBOO CHARCOAL; harcoal Powder, Sea; Removing blackheads.; Sit Exract and; Brightens and tightens pores.; Lavender Oil which; helps to remove; Controls excess oil.; dulling surace cell; Soothing Toning nourishing.; andimpuritie wile; WITH BAMBOO CHARCOAL; vitamin an plant; ALL SKIN TYPES; extract soientheskin; Removing blackheads. Brightens; to restoe youthftul; and tightens pores. Controls excess; glow.; e1.76 fl.oz (50ml); oil. Soothing Toning nourishing.; e1.76 fl.oz (50ml)",item_volume,1.76 fluid ounce
369753,"PERFECTLOOK; London; PERFECTLOOK; London; BLACK MASK; BLACK MASK; PEEL-OFF; PEEL-OFF;  professional; DEEP CLEANSING; professional; nul; DEEP CLEANSING; WITH BAMBOO CHARCOAL; e1,Se; Removing blackheads.; Brightens and tightens pores.; Controls excess oil.; Soothing Toning nourishing.; WITH BAMBOO CHARCOAL; ALL SKIN TYPES; Removing blackheads. Brightens; ayouthful; and tightens pores. Controls excess; e1.76 fl.oz(50ml); oil. Soothing Toning nourishing.; e1.76 fl.oz (50ml); 10O% REcyCLAbLE",item_volume,1.76 fluid ounce
369753,BLACK MASK; PEEL-OFF; PERFECTLOOK; London; DEEP CLEANSING; O; BLACK MASK; PEEL-OFF; BAMBOO CHARCOAL; professional; DEEP CLEANSING; WITH BAMBOO CHARCOAL; Removing blackheads.; moving blackheads.; Brightens and tightens pores.; Controls excess oil.; Soothing Toning nourishing.; Brightens and tightens pores.; ALL SKIN TYPES; e1.76 fl.oz (50ml); Controls excess oil.; Soothing Toning nourishing.,item_volume,1.76 fluid ounce
369753,"PERFECTLOOK; London; BLACK MASK PEEL-OFF; professional DEEP CLEANSING; Effectively hydrates skin and removes; dirt and toxins. It richs in mild; and effective formula, contains:.; PERFECTLOOK; ACTIVATED CHARCOAL POWDER,; London-; SEA SILT EXTRACT,; ALOE VERA AND CASTOR OIL; which help to remove dulling surface; BLACK MASK; cells and impurities, while vitamins; PEEL-OFF; and plant extract soften the skin.; professional; DEEP CLEANSING; to restore a youthful glow.; WITH BAMBOO CHARCOAL; Removing blackheads.; Brightens and tightens pores; ontrols excess oil.; othing Toning nourishing.; SKIN TYPES; (w09) zO; 100% RECYCLABLE",item_volume,50.0 fluid ounce
369753,"COMPARE YOURSELF; PERFECTLOOK*; VS; OTHER BRANDS; London; PERFECTLOOK; PERFECTLOOK; black; mask; BLACK MASK; PEEL-OFF; DEEP CLEANSING; e1.76 fl.oz (50ml); Premium - quality natural ingredients; Often non-organic quality ingredi-.; No HIDDEN ingredients; ents. Hidden ingredients!; NO CHEMICALS!; Possibly contains questionable addi-; Free of micro plastics, parabens and.; tives and fillers.; questionable additives.; Often pay more for larger quantities; Fair price for fair quantity! It goes long; dnp qnnpoud pudnun dye punndue pue; enough, so you do not get out of the; to the opening time off.; opening period.; Mostly packaged in a big jar that; Genuine product, properly sealed and; bottled in brown glass with a dropper; that prevents the oxidation of Vitamin; Usually thin and watery due to a lower; C and preserves serum effectiveness; concentration of active ingredients.; Ticker consistency due to higher con-.; Often Non-UK Sellers, Delivery in 3-5.; centration of active ingredients.; Days or a more.; UK seller Next day Delivery for Amazon; Prime Members.",item_volume,1.76 fluid ounce
275506,Get rid of the bulky; Fit into your pocket; 100; Individual earbuds are approximately 0.14 ounces,item_weight,0.14 ounce
955292,Product; information; INSTRUCTION MANUAL; Product model:; Material:; CPC200-A2A; ABS+ PC; Product size:; Package Dimensions:; 80x4613mm; 115x80x36mm; Power Consumption:; Surface Treatment:; 0.75W; Glossy + frosted; insert method:; WiFi Module:; Plug &Play; 5Ghz WiFi,wattage,0.75 watt
955292,"Garlinkit; A2A with Android Auto (USB); Upqrade the original car wired Android Auto to wireless Android Auto; Plug&play.Non-inductive connection,Faster connection; Support OTA upgrade;; Continue the operation of the original car's buttons, knobs, MIC etc.; Huizhou Yunlian Technology Co.Ltd; Tel:400-930-3035; Web:www.carlinkit.com; Name:; Wired to Wireless USB Adapter; Model:; CPC200-A2A; Power:; DC/5V 0.75W; Connectivity:; WiFi 802.11a/b/g/n/ac 2.4GHz+5GHz; Dimensions/Weight:; 804613mm/40g3.15*1.810.63 inch/1.41oz; Operating Temp:; OC-60C/32F-140F; Support Car:; Built-in Android Auto USB); Support Android Phone:; Android 10.0+,some require Android 11.0+; CE FC RoHS; FCC ID:2AYC2-CPC200 Bluetooth QDID:180995; R210-181448; CCAR21LP2070T3; 6972185560188",wattage,0.75 watt
752266,max90; Environmental; tection pa; 360Free rotation; Buillt-in E 14 lamp head; E 12 Bulb Base; Max wattage:60W; Voltage:110V-240V; Light bulb is not included,wattage,60.0 watt
934747,"150g, about 150pcs-170pcs",item_weight,150.0 gram
993359,-Italian Food Direct; talan Food Direct; Gerep; Gerepy; Produit de montagne; ouhtra; Produit de montagne; Produit de montagne; 10g; intraS; 10g; 10g,item_weight,10.0 gram
993359,"Italian Food Direct""; Genepy; nouhtra; Produit de montagne; teras; Idealpourtisanes; et liqueurs; 10; NATUREL; g; Product sujet a une baisse naturelle de poids; Prodotto soggetto a calo naturale di peso; 100%",item_weight,10.0 gram
993359,"ItalianFood Direct""; Genepy; Produit de montagne; nouhtra; teras; Idealpourtisanes; etliqueurs; NATUREL; 10g; Product sujet a une bsisse naturelle de poids; Prodotto soggetto a calo naturale di peso",item_weight,10.0 gram
558374,CCI; 1 kge; CCI; CCI; CCI; 0.0g.de sel 0.06g; CCI; CCI; Made by Continental Candy; Industries B.V.; Drachten.Holland; www.ccicandy.nl; 712469069154; CC; CCI,item_weight,1.0 kilogram
641642,OUTPUT; LED CONTROLLER; 10); OUTPUT:DC110V220V3CH; NPUT:AC110V220V; POWER:MAX750W; INPUT,wattage,750.0 watt
397856,"Made in; Germany; HACCP Qualitat; Hnae; 1; SPERMIDIN; FORTE; 5,5 mg; 90 Kapseln; vegan",item_weight,5.5 milligram
318770,Universal Compatibility; Lightning; iPhone14; iPhone13; iPhone12; Series; Series; Series; iPad/pro; Airpod/pro; USB-C; PDUSB C; Macbook Pro; Wall Charger; PD Car Charger; Power Bank,wattage,22.5 watt
375816,INFUSED WITH; PLANT TITA; RAGE; OFFEE; Creme Caramel; SEOOSTED; ENHANCED; IMPROVED; FITNESS; FOCUS; 100g,item_weight,100 gram
375816,OOPS!; YOUVE CAUGHT US DURING AMAKEOVER; You might get this old jar but the coffee; content in both is the same; RAGE; RAGE; FFE; Creme Caramel; Creme Caramel; NC; 100g,item_weight,100 gram
375816,"Serving Size: Mix 1 tsp with 150ml of hot/cold water/ milk.; Ingredients: 1o0% Single Origin Arabica Coffee Beans, L-Theanine,.; L-Glutamine, Ginkgo Biloba, Bacopa Monnieri, Panax Ginseng, Rhodiola Rosea.; Nature Identical Caramel Extract.; No preservatives, no additives, no added sugar & no colourants; NUTRITIONAL INFORMATION; IN CASE OF ANY CUSTOMER COMPLAINT; COMMENTS OR QUERIES; Average Value; (per 100g); Write to us at the MFD. & MKTD. by address.; Energy; 375 kCal; OR EMAIL US AT: helplaragecoffee.com; Protein; 16g; OR VISIT: www.ragecoffee.com; OR CALL: +91-81 81 95 95 63; 72g; Carb; Fat; 2g; 100g; Manufactured & Marketed by:.; NET WEIGHT; SWMABHAN COMMERCE PVT LTD; A-1/224 Janak Puri, New Delhi 110058; Issal; BATCH NO.; Country of Origin - India; Lic. No.:; 13320006000012; MRP; (INCL.OF; ALL TAXES); Storage:; Always use a dry spoon and store; UNIT SALE; in a cool & dry place; PRICE; Upload pictures on Instagram using.; MFD.; #KeepRaging to win free hampers; USE BY; 18 months from manufacture; O ragecoffee_; FDA; GMO; 059603179236",item_weight,100 gram
767202,printklex; orintkex; Der Druckerzubehorfachhardel; be; 100%; 3JAHRE; kompatibel; GARANTIE; Optimale Farbresonanz; Premium Tonerkartusche; Kongatble Toneriaruscthe; 3 Jahre Garantie; oltte; Rudartaeg 23; 21031 Hambung; Qualitat ist unsere Werbung.; Enalt or.; 25 nU2GL6 MGLpnU&,item_weight,23.0 kilogram
993359,"Introductory Offer; 55-45/; R; MR; Chutney Powder; SINCE 1924; New; Karivepaku; Podi; Meal Time; O; An aromatic blend of curry leaves, dal,.;  podi is inspired by Telugu mothers. Just mix; it with ghee, rice and enjoy..; Source; of; uality; Promises; Protein; Taste; Net Quantity:; 100 g",item_weight,100 gram
507467,MINIPORTABLEKEYCHAIN LIGHT; SMALLSIZE.SLIMBODY; EASY TO CARRY.; HOOKLOCKDESIGN; 93mm; 62G; 57mm; PRODUCTWEIGHT,item_weight,62 gram
630869,18+5CM; 6. 5CM; 17.5+5CM; Weight:; 14.2g,item_weight,2 gram
893692,AEROLITE HARD SHELL CABIN SUITCASE; AEROLITE; DIMENSIONS:; 55X35X20CM (ALL PARTS); 46X35X20CM (B0DY); WEIGHT:; 2.7KG; 2.7kg; CAPACITY:; 32L; HANDLE HEIGHT:1METRE; MATERIAL:; ABS HARD SHELL PLASTIC; WHEELS:; 8 (4x DUAL SPINNER); LOCK TYPE:; 3 DIGIT PADLOCK; GUARANTEE:; 5 YEARS; 100cm; EROLITE; OTHER COLOURS IN THE RANGE; 55cm; AIRLINESAPPROVED; **easyJet; BRITISH AIRWAYS; *RYANAIR; Jet2.COM; TUIFLY; LOT; LUFTHANSA; VIRGIN ATLANTIC; KLM; VUELING; TURKISH AIRLINES; *WIZZ AIR; 20cm; EUROWINGS; NORWEGIAN; AND MANY MORE!; 35cm; **REQUIRES EASYJET PLUS OR FLEXI FARE UPGRADE TO TAKE INTO THE CABIN,item_weight,2.7 kilogram
750220,Palestinia; NEEWateo; R; NET W.900g,item_weight,900 gram
750220,900g,item_weight,900 gram
523149,"MEASUREMENT; 24mm/0.94in; IN; GODWE; TRUST; LIBERTY; D; Width:1.9mm/0.075in; 24mm/0.94in; Material:925 sterling silver; Weight:2.1g; Series:Ring; This commodity is measured manually, and the length and weight may have; errors of0.1-0.2mm and 0.1-0.2g;there may be a little color; difference due to the display and light problems.Please refer to the real thing!",item_weight,2.1 gram
369753,ROSENTAL; ORGANICS; AVO CLAY; PURIFYING TREATMENT; 50 ml e 1.69 fl.oz,item_volume,1.69 fluid ounce
369753,ROSENTAL; ORGANICS; AVO CLAY; PURIFYING TREATMENT; 50ml e1.69 fl.oz; KLARESUND; EBENMASIGESHAUTBILD; ENTGIFTETDEINE HAUT.ENTFERNT; MITESSER UND HINTERLASST EINE; STRAHLENDE HAUT,item_volume,1.69 fluid ounce
369753,ROSENTAL; ORGANICS; EINFACHE ANWENDUNG; DIE MASKE GLEICHMABIG VON DER MITTEDES; GESICHTS NACH AUBEN VERTEILEN.5-1O MINUTEN; EINWIRKEN LASSEN; VOCLAY MASK; RFYING TREATMENT; 50ml e 1.69fl.Oz,item_volume,1.69 fluid ounce
369753,"SCHON ENTDECKT?; UNSERHYDRATING MOISTURIZERFUR; EIN FRISCHES,SEIDIGES AUSSEHEN; ROSENTAL; ORGANICS; HYDRATING MOISTURIZER; WITH ROSE QUARTZ & ALOE VERA; 50.mle1.69fl.Oz",item_volume,1.69 fluid ounce
433914,HOHE MASCHENDICHTE: 18*16; QUALITAT; GLASFASERGEWEBE GEWICHT:120 g/ m2; DOPPELTE NAHT HANDWERK; 18X16MESH,item_weight,120.0 gram
130591,10cm/4in; T; 28cm; 750g; /11in; 200cm/78.8in; 63cm/24.8in; 14cm/5.5in,item_weight,750.0 gram
926285,Product; t Information; 24CM/9.45IN; 19.5CM/7.68IN; 14.5CM/5.71IN; 17CM/6.69IN; NOTEALL SIZEABOUT; SUBJECT; -O.5INCHES TOLERANCE; PRDUCT NAME; Leather Armband; WEIGHT; 100grams; MATERIAL; PU Leather; COLOUR; BROWN; CAPE SIZE; one size; OBJECTS; Adults,item_weight,100.0 gram
916768,"4,9 cm; 4,3;  cm; KG; 60 g; 0 43",item_weight,60.0 gram
939587,"45; 150kg; 11,5 kg; 89; 36; 89; 48; 40; 15; 80; 55; 28",item_weight,150.0 kilogram
365637,dls; Woethr; GALLETASDEJENGIBRE; GINGERBISCUITS; PESO NSTO/NCTWEIGHT:; 300g/10.60z,item_weight,300.0 gram
483370,5.0cm; 6pcs; 3.0cm; Weight: 50g,item_weight,50.0 gram
908443,Type; Bearing; Weight; Gear Ratio; Fishing Line Capacity; BL1000; 12; 185g; 5.5:1; 0.15/200; 0.15/200,item_weight,185.0 gram
675317,36MM; 25MM; 10MM; Weight: 40G,item_weight,40.0 gram
639090,Nahrwerte/Valeurs nutritionnelles/; 37g (pro Portio/par; %GDA*; 100g; Voedingswaarde/Valori nutrizionali medi per; portion/per portie/razione; 37g; Energiewert/Valeur energetique/energetische; 1765kJ; 654 kJ; 8%; waarde/Valore energetico; 420kcal; 156 kcal; EiweiB/Proteines/Eiwit/Proteine; 5.9g; 2.2g; 4%; Kohlenhydrate/Glucides/Koolhydraten/Carboidrati; 56.0g; 20.5g; 8%; davonZucker/ dont sucres/; 38.0 g; 14.0g; 16%; waarvan suiker/di cui zuccheri; Fett/Lipides/Vet/Grassi; 19.5g; 7.2g; 10%; davon gesattigte Fettsauren/ dont acides gras; 12.0 g; 4.5g; 23%; satures/di cui saturi/waarvan verzadigd vet; Ballaststoffe/Fibres alimentaires/Voedingsvezel/; 1.0g; 0.4g; 1%; Fibre alimentari; 0.24 g; Natrium/Sodium/Natrium/Sodio; 0.09 g; 4%; *GDA (Guideline Daily Amount) -Richtwet fir dio Toaoczfuh; 37,item_weight,37.0 gram
