group_id,text,entity_name,entity_value
365637,"Since1976; Pizzeria,Gastronomia,Pasticceria; CIAMBELLINE ALVINO; INGREDIENTFarina OO di Grano Tenero-Oliodi Semidi Girasole; Energic",item_weight,3.2 gram
365637,MNERNESE; SNC; is.Pasticceria; UNEALUONO; Made; oDIPRODOTTO; ssiSatur.32g,item_weight,3.2 gram
844474,"PRODUCT INFORMATION; HEIGhT; 39CM/15.4IN; LENGTH; :27CM/10.6IN; WIDTH; :16CM/6.3IN; WEIghT; :0.41KG / 14.50Z; GENDER: UNISEX; yKK Zippers; Material; Application; YKK Brand Zippers, easy to zip; Water-resistant Polyester; suitable for preschool and pri; and unzip.; mary school students.",item_weight,0.41 kilogram
120219,65 - 275 cm; Befestigen ohne bohren; Hohenverstellbars; zwischen 65 bis 275 cm; Fixing without drilling.; 22 mm; Height adjustable from; 65 to 275 cm,maximum_weight_recommendation,65.0 ton
675317,"High: 1 inch(26.5mm); Screw hole distance: 5 inch(128mm); Wide: 0.74 inch(19mm); Total Length: 5.5 inch(139mm); Hole Center; Overall Length; Width; Height; Single Weight; 5""(128mm); 5.5""(139mm); 0.74""(19mm); 3.7""(26.5mm); 3.37oz(95.6g)",item_weight,95.6 gram
107694,Product Information; Name:Floating lounger; Weight:220g; Material:PVC; Size:125cm*70cm; Colour:Rose&Navy blue; 70cm; 125cm,item_weight,220.0 gram
767202,"HIGH CAPACITY; BLACK; 3,0o0 pages; TONER; OTHER; EXPERTE; BRANDS; *at 5% A4 coverage",item_weight,2.0 ounce
893692,EASYJET MAXIMA CABINA HOMOLOGADA; CITIES; BOLSA BAJ0 EL ASIENT0; DIMENSIONES:; 45x36x20; 0.93KG; PESO:; 0.93KG; MOZLIWOSCI:; 32.4L; POLIESTER; MATERIAL:; CITIES; 45cm; 4; GRAN; CAPACIDAD; 20cm; 36cm; MAS EN NUESTRA GAMA DE 5 CIUDADES; 40cm; 40cm; 40cm; 25cm; 30cm; -30cm-; 20cm; 10cm; 10cm,item_weight,0.93 kilogram
675317,"arrr; 22mm/0.87""; REE",item_weight,21116.0 ton
589105,THE PERFECTWAY TO ORGANISE YOUR; TRAVELBAG TO ENSURE EVERYTHING FITS; V; VC; X; [; 382.2; GRAMS,item_weight,382.2 gram
881883,Shading up to 80%; Shading up to 85%.; Shading up to 90%; Shading up to 95%; Shading effect varies according to colour depth,item_weight,85.0 ton
752266,7; 50W; 1P67,wattage,50.0 watt
752266,1P67WATERPROOF; Working Temperaure Range; E -20-50C; 50W; IP67; HEAT-Resistant; FROST-Resistant; 5OW; P67; 50W; IP67,wattage,50.0 watt
752266,SUPER BRIGHT LEDFLOOD LIGHTOUTDOOR; Watt: 50W; Low Watt; Lumen:5000; Low Brightness; Dimmable; LightingArea(m):180; Dimmable,wattage,50.0 watt
752266,ADVANCED HEAT DISSIPATIO; Cable Length:50CM(No Plug; Fire Wire; Neutral Wire; Ground wire; 17.3cm/6.8in; 4.4cm/1.7in; 19.3cm/7.6in; 9.9cm/3.9in; 50W; 1P67,wattage,50.0 watt
752266,"ENERG z; Zhongshan Fanshuo Lighting Co., Ltd.; FS-C7-GY-50W; A; B; C; D; E; F; F; G; 2019/2015; 50; kWh/1000h",wattage,50.0 watt
752266,"(UK)Security Lights with Motion Sensor; (DE) LED Strahler mit Bewegungsmelder; (FR) Projecteur LED Detecteur de Mouvement; (IT) Faretto LED con Sensore di Movimento; ES Foco.LED con Sensor de Movimiento; Brand: YIBIDAMA; Mode1FS-C7-GY-50W; FS-C7-GY-50W; Zhongshan Fanshuo Lighting Co., Itd.; kWH/1000h; ENERG; 2019/2015",wattage,50.0 watt
648011,PRODUCTSPECIFICATIONS; 90% Energy Saving; 2.52inch; 6W replace 60 Watts incandescent bulb; (64mm); 2700K; 5.51inch; (140mm); Product Type:6w ST64; EnergyUsed:6 Watts; Incandescent Equivalent:60 Watts; Brightness:600 Lumens; Dimmable:No; Voltage:120Volt; E26; View Angle:360 Degree; BASE; Lifespan:25000+Hours; Materials:High Strength Glass,voltage,120.0 volt
267482,AGift toryo; INSIDE; THEHOX; FRUIT&; LEMON; CHOCOLATE; Pomegranate; SRAXPOTNOE,item_weight,88.0 ounce
267482,A Gift foryou; INSIDE; THE BOX; crumbly; FRUIT&; LEMON; kers; Ciscuits; BELGIAN; ORGANIC; CHOCOLATE; biscuits; BERRY; INFUSION; Pomegranate; SOY POT OF; FRAGRANCE,item_weight,25.0 gram
267482,INSIDE; THE BOX; C; LEMON; BELGIAN; CHOCOLATE; biscuits; Pomegranate; PROX PONOE; AOP; RAR,item_weight,0.88 ounce
752266,Pendant Light Fitting; E27; CE; MAX 60W; E27; 220V-250V; Certification,voltage,"[220.0, 250.0] volt"
630869,"12mm/(0.47*); 41mm/(1.6); Material:Stainless steel Microfiber leather IP black plating; Length:19cm (7.5""); Weight:14g",item_weight,14.0 gram
449021,Mance Choice; ONPAK; 4-OZ,item_weight,4.0 ounce
449021,"BOXING GLOVES; SIZE CHART; ADVANCE CHOICE; GLOVES WEIGHT; FIGHTER WEIGHT; FIGHTERWEIGHT; AGE; (INOUNCES); IN POUNDS); (IN KILOGRAMS); (YEARS); 2OZ; UNDER 40LBS; UNDER 18KG; UNDER5 YEARS; 4OZ; 41-60LBS; 18-27KG; 5-8YEARS; 6OZ; 61-80LBS; 28-36KG; 8-12YEARS; 8OZ; 81-100L8S; 36-45KG; TEEN/WOMEN; 10OZ; 101-120LBS; 46-54KG; ADULT TRAINING; 12OZ; 121-150LBS; 55-68KG; ADULT TRAINING; 14OZ; 151-180LBS; 69-82KG; ADULT SPARRING; 16OZ; 181+LBS; 83+KG; ADULT FIGHTING; 18OZ; HEAVYWEIGHTS; HEAVYWEIGHTS; ADULT FIGHTING; 2-6 OZ Gloves for Kids 8 OZ for Teens & Women 10-16 OZ for Adults; These m;  advise from your coach, to choose the right size; we mentioned on our table for various reasons",item_weight,8.0 ounce
449021,ONPAK,item_weight,4.0 ounce
523149,Stainless Steel; Stainless stee; high polish; 8mm; Ginevra; Rinc; 8mm; Engraving Here; Engraving Here; Weight: 6.5g,item_weight,6.5 gram
993359,"Miscela di spezie ed erb; aromatiche; Ingredienti: Curcuma,cun; coriandolo,fieno greco; prezzemolo,peperoncino; semi di finocchio spezie; Puo contenere tracce di: s; senape, sesamo.; Valori nutrizionali medi pe; Energia 1680kJ/401 kcal; grassi12,2 g,di cui acidi; saturi1,7 g; carboidrati 51; di cui zuccheri 6,6g;fibre; 5; proteine 12,9 g sale 0,15; 35g; 5001904/0520 Pes0 netto; Lotton:; Da consumarsi; preferibilmente; entro fine",item_weight,35.0 gram
318770,NO; PROGRAM; MAIN; STANOBY; MASTER; (CH1-10MUTE); 7/8; 9/10; FX2; MAIN; LN; FXOU; FBQ; 24; 40:; ON/OFF; FXOUT; AUXIN; MAIN; 2TR; REC; OUT; MIC; MIC; FOOTSV; STONEC; MONITOR; 600W; +; 600W; OUTPUT; SEE RAR PANCATON; FX; INPUT TO MAIN,wattage,600.0 watt
529606,Lavender; Natural; 7oZ; Fragrance; Essential Oil; NO MATTER HOW; HARD LIFE GETS; AT LEAST; YOU; P.OOT; HAVE; UGLY; CHILDREN,item_weight,7 ounce
529606,"Perfect Scented Candle Gifts for Mom; French Juniper Lavender 7OZ 200g; Handmade and 100%; Natural SoyWax; NO MATTER HOW; HARD LIFE GETS; 3.5in; AT; LEAST; YOU; P.NOT; HAVE; UGLY; Crystal clear,; Pure fragrance; CHILPREN; Pure Natural; 2.7in; Aroma Experience",item_weight,200 gram
529606,NO MATTER HOW; HARD LIFE GETS; ATLEASTYOU; re Natural Essential Oi; Enjoy Your Life; DON'T; HAVE; UGLY; CHILDREN; 200G7OZ,item_weight,200 gram
731432,Ou; Beauty Collagen; Dietary Supplement; NETWT100Z(284g),item_weight,284 gram
731432,Joddess; Beauty Collagen; 0000; Dietary Supplement; NETWT10028,item_weight,10 ounce
245959,Product parameters; 35cm; 0.65KG; 13.65inch; Docean Pearl; reestaurant; SELOR; SURFACE; 19cm; 41cm H; 7.41inch; 15.99inch,item_weight,0.65 kilogram
483370,ROUND COMPACT; Mini; The girls with; SHADOW PALETTE; Passion for fashion; series; BORATZ; The girls with a passion for fashion; Cosmetics!; WARNING:; Limited; CHOKING HAZARD-Small parts.; Edition!; minis; Not for children under 3 years.; ORROUND; .259OR LIPSTICKNETWT.0.004 OZ 0.19; ASCARA:; OMGA 1 SET6+,item_weight,0.1 gram
752266,Similar#Same; Save Money & Ultra Bright & Long Lifespan; OURS; Brand; Other; Total 42W MAX; Watt; 6W; 6/8/10/12LightConnect; Connector; NO; Connectors Indluded; Included; RGBW (2000k); Light Color; RGB; YES; Memory Function; NO; APP.Voice andRemoter; Control Methods; just IR Remote Control,wattage,42.0 watt
523149,19.4mm; Size:6/7/8/9; Weight:9.1g,item_weight,1.0 gram
507467,"P81; 2600 Im Super Bright Flashlight; 21700Version; ANSI/PLATOFL1; Medium; Low; High; Momentary-on; Strobe; Output; 570 lm; 40 Im; 2600 lm; 2600lm; 2600 lm; Runtime; 4 h 30 min; 38 h; 2 h; Beam Distance; 140 m; 35 m; 310m; ImpactResistance; 2 m; Water Resistance; IPX7,1mUnderwater; Weight; 174 g (Without Battery); Dimensions; 161x28.5x35 mm (Lengthx Body Dia.x Head Dia.); Light Source; LUMINUS SST-70 LED; Main Material; 6061-T6 Aerospace Aluminum Alloy,with Type Ill Hard Anodizing; Power Source; 121700 Battery; The above specifications are results from tests according to ANSl/PLATO FL1 standard.It was; tested with 1x21700 li-ion rechargeable battery (4800 mAh) at an environment temperature of; 22 +3 C.If tested with different batteries or temperatures, the results may vary; NEXTORCH",item_weight,174.0 gram
416664,"LED; P; LANTGROW; LIGHT; Brand:EWEIMA; Name: LED Grow Light; Product Size:13.5*5.3*3.3inches; Product Weight:950g/2.54 lbs; LED Chips:Red:Blue:Yellow=36:16: 28; Wavelength:Red:620-630nm; Blue:460-470nm; Full spectrum:380-800nm; Life time:50000 hours; Note: It is advisable to maintain a distance of 11; to 20 inch between the light and the plant.; Manufacturer: Shenzhen Olede Lighting; Technology Co., Ltd.; Address:3F,Dongpo No.35-2,Industrial Park,; Yunfeng Road, Dalang Street, Longhua New; District, Shenzhen City.; EVATOST CONSULTING LTD; Suite 11First Floor, Moy Road Business; CentreTaffs WellCardiffWalesCF157QR; contact@evatmaster.com; C&E Connection E-Commerce (DE) GmbH; Zum Linnegraben 20,65933,; Frankfurt am Main,Germany; FCE; Made in China",item_weight,950.0 gram
675317,22.2mm Universal; Mounting Diameter,item_weight,32.0 gram
844474,Work; School; EMILT; 611; Emuy Emily; EMILT; Wil; nily Emuy Emily; EMILY; mil!; Picnic; W; EMILT; ECSEL; mit; Outdoor Activity; Emily,item_weight,725.0 gram
523149,Product Parameters; Moss Agate; 11.5 mm; Moissanite; Series: Ring.;  Material: S925 Silver; Weight: 2.7 g.; Moss Agate: 8.0 x 6.0 mm; NOTE:The size of the product is measured manually and may be subject to marginal error.,item_weight,2.7 gram
318770,PD 18W; 30Mins*; 54%; Supports Power Delivery; 85% Charged; Charge iPhone 12 to54% in 35 Mins,wattage,18.0 watt
523149,"1.8cm; Product name: Fire Wind Phoenix Silver Ring; Product material: 925 silver without inlay; Product weight:about 18.5 grams; Rale; Product size:about1.8cm wide; Manual measurement,; due to different measurement methods, there will be a little error",item_weight,18.5 gram
375816,"ORIGINALE ITALIANO; Cellini; CAFFE; INTENSITA; MELODICO; ESPRESSO; 15,4 cm; MELODICO; ESPRESSO; INTENSITA; 10; CAPSULE COMPATIBILI; con macchine Nespresso*Original; Origins of coffee:non-EUOrigini del caffenon UE; 3,1 cm; 7,9 cm",item_weight,135.0 ounce
507467,"FOCUS AJUSTABLESK68; TACTICAL FLASHLIGHT; 1.03in; Modes:High,Low,Stroble; Lumens:300lm; Refector:Convex Lens; 3.89in; 3.67in; Material:Aluminum alloy; Switch:Tail-cap press ON/OFF; Battery:1*AA/1*145003.7v; Size:3.67*1.03*1.02in; Weight:2.29 oz; Battery(not included); 1.02in",item_weight,2.29 ounce
932012,Bestellbreite; Bestellhohe; 1-2c; Glasbreite; 1-2cm,item_weight,"[1.0, 2.0] gram"
412008,Knock-Down ; Fn; HI; KaowSPiG; F-; 3; 1; 8F; 6,wattage,3.0 horsepower
107694,PRODUCT DETAILS; 20.9in/53cm; Outer diameter; 13.8in/; 35cm; 8.7in/22cm; Outer diameter; 7-25kgs/15-55lb has a better experience,item_weight,"[7.0, 25.0] kilogram"
