group_id,text,entity_name,entity_value
892291,3 Phasen; 22kW; 220V; 32A,wattage,22.0 kilowatt
801829,MioXsukus; STURDYFORLONG; TERM USE; Anodized Aluminum Body Frame Lined; with Iron + Enhanced Steel Legs; Anodized Aluminum Body; Frame Lined with Iron; 330; LBS; 0.9mm; 53.1 in; Iron Tube; 18.8 in; Mioxsukus; 27.5 in; 26.3 in; 26.3 in,item_weight,330.0 pound
630869,"Tow-tone Polyester Rope; Easily Adjust The Size.; Hand-made Braided Bracelet; Comfortable to Wear,.; By Moving The Silding Knot; Bracelet Can Be Freely Adjusted; Suitable for Daily Wear; Between 6.5-8.5 Inches; A; (45 mm*15 mm); Medical Alert ID Tag; Free Engraving On The Front & Back; Deep Engraved; Click On ""Customize Now""To Enter; The Medical Information; Medical ID Symbol+; Filled With Red Enamel; Highly Recognizable; Weight: 14 g.",item_weight,14.0 gram
601746,"SFOEd EIE EM NE7FIdS; NACH NEUSTENITTF; WETTKAMPFANFORDERUNGEN; BREITE; 40+ MM; DICKE; 0,86MM; GEWICHT; 2,7g; KG; AJOOLA",item_weight,2.7 gram
107694,L; S; Size; Age; Weight; S; 3 months-1 year; 5-11KG; L; 1 year-30months; 9-15KG,item_weight,"[5.0, 11.0] kilogram"
107694,Size; Age; Weight; S; 3 months-1 year; 5-11KG; L; 1 year-30 months; 9-15KG,item_weight,"[5.0, 11.0] kilogram"
709627,"ABMESSUNGEN LPF12-DBT-200; Gewicht: 20,7 kg; 220 mm; SYNTROX; ne; 00; 269 mm; 520 mm; 0101",item_weight,20.7 kilogram
254449,Modalita d'uso:; mportante:; Salus; VEGAN Nonbere; amente dalla; bottiglia; Floradix; Questo prodotto; Da3a6annic; KIDS; 10ml al giomo; ferro contribuisceal; Per evitare la; dei bambini; Maschida 10.a; Integratoee; ichiuder; mediatamentela; 250ml; Femmine da 10 a; MLAPO; oottiglia dopo; 20mlal giomo.; ISO; oosizione vertical; in frigorifero e; Assumere mezz'ora; sumarla entro; 4 settimane; te nero.; dosec; raccomandata.; Gli integraton; imentari non vann; Produttore; SALUS.Haus; Tenere fuon dalla; portata dei bambir; ww.salus-haus.com; Distribuito da:; Lotto:; Via Franc; entro fine,item_weight,6.0 gram
557758,nito; mit; POMPADOUR; 1913; INFUSO; imit; ananaiLacae; SEMI DI CANAPA; /con Arancia; 100%; naturale; GUSTOSO; e DISTENSIVO,item_volume,100.0 litre
557758,MAESTRL NEL GU$TO DAL 1913; AMPIO ASSORTIMENTO CON OLTRE; 100 DIVERSI PRODOTTI; INGREDIENT ACCURATAMENTE; SELEZIONATI; MATERIE PRIME DI ALTISSIMA QUALITA; SENZA ALLERGENLE GLUTINE; #UNSORSOMIGLIORE: DA SEMPRE; ATTENTI ALLA SOSTENIBILITA; UR; (9(3,item_volume,1913.0 decilitre
557758,"FAVE DI CACAO CON OLIO DISEMI DICANAPA PER INFUSO; Ingredienti:fave di cacao28%,scorze di cacao; Valori nutrizionali medi per 100 ml di infuso; 27%,foglie di mora dolci, cannella,zenzero; Canapa e Cacao pronto*; 100 ml Tee* enthalten durchschnittlich:; radice di cicoria,cardamomo,aroma di arancia; Energia/Brennwert; kJ/100ml; 8 kJ; 4%,olio di semi di canapa in granuli 2%,scorza; kcal/100ml; 2 kcal; Grassi/Fett; g/100 ml; <0,1; d'arancia,pepe nero; di cui acidi grassi saturi; g/100 ml; <0,1; Conservare in luogo fresco e asciutto; davon gesattigte Fettsauren; Carboidrati/Kohlenhydrate g/100 ml; 0,3; Questo prodotto e naturalmente senza glutine; di cui zuccheri/davon Zucker g/100 ml; 0,2; Proteine/EiweiB; g/100 ml; 0,2; e adatto ad una dieta vegana.; Sale/Salz; g/100 ml; 0,01; *I'infuso e stato preparato con 1 filtro in 200 ml di acqua; *ein Beutel mit 200 mlWasser zubereitet; Originaria dell'Asia centrale,la Cannabis sativa e una; pianta storicamente diffusa in Occidente.Dalla; spremitura dei suoi semi si ottiene I'olio di canapa che; abbinato alle gustose fave di cacao e all'arancia,da; vita ad un infuso piacevole e distensivo.Naturalmente; privo di caffeina, e ideale per chi avverte il bisogno di; una pausa rilassante; 100CD; INFUSIONE 5-8 min; ASTUCCIO; CARTA; Raccolta; TEEKANNE GmbH & Co.KG,Dusseldorf,Germania; differenziata; Distribuito da:POMPADOUR TE S.r.l.; PAP; Via L.Negrelli,11-39100 Bolzano; Verifica le disposizioni del tuo Comune",item_volume,100.0 millilitre
709627,2021-05-14; 11mm; OIE; 26.5mm; 62mm; Battery voltage: 3.8V; Battery capacity: 1100mah; Battery weight: 26G / 1pcs; Battery size: long 2.44 (in) x wide 1.04 (in) xthick 0.43 (in); Battery chemistry: lithium polymer,item_weight,26.0 gram
844474,Product Information; life; -Main material: canvas fabric; -Size:12.2 *5.5 *17.3inches; Style: Single shoulder/Double shoulder/Handheld; les; neotHoME; -Shoulder straps: adjustable; -Weight: 0.41kg,item_weight,0.41 kilogram
844474,Product Dimensions; HOMIEE; HOMIEE; 60cm/23.6in; Weight:0.7kg; Light; weight; 36cm/14.2in; 22cm/8.7in,item_weight,0.7 kilogram
459516,"Recommended use:Source of; Usage recommande:Source; Nature's; 1969; antioxidant.Provides antioxidants that; d'antioxydants.Fournit des antioxy; way; help fight against cell damage caused by; dants qui aident a lutter contre les; free radicals; dommages cellulaires causes par les; BEET ROOT; radicaux libres.; Directions: Adults take 2 capsules; 3 times per day.; Mode d'emploi : Adultes, prendre; RACINE DE; 2 capsules, 3 fois par jour.; Each capsule contains; Medicinal ingredient:; Chaque capsule contient; BETTERAVE; 500 mg; Ingredient medicinal :; Beetroot..; Racine de betterave..; 500 mg; ANTIOXIDANT; (Beta vulgaris, root); ANTIOXVDANT; (Beta vulgaris); Non-medicinal ingredients:; Ingredients non medicinaux :; Microcrystalline cellulose,hydrated; Cellulose microcristalline, silice; silica, magnesium stearate; hydroxypropyl methylcellulose.; hydratee,stearate de magnesium; hydroxypropylmethylcellulose.; Keep out of reach of children. Safety; Tenir hors de portee des enfants.; sealed with printed inner seal.Do not; Dispositif inviolable avec sceau; use if seal is broken or missing; interieur imprime.Ne pas utiliser si; 100CAPSULES; le dispositif inviolable est brise ou; NPN:80081029;  manquant.",item_weight,500.0 milligram
929999,MPCF REINFORCEMENT; The use of multi-layered Mesophase pitch-based.; Carbon Fibre increases the racket's tensile strength; and durability. This ensures the long service life of; the racket.; 87; Grams,item_weight,87 gram
347404,Easy to use lock; Ergonomic handle; mechanism; 500Grams,item_weight,500 gram
675317,,item_weight,789 gram
459516,"RESEALABLE BAG; Net Weight; 45 gm; SURAR!; TM; CHURNA; Herbal Formula For; Removal of Alcohol Addiction; Composition:; Each Dose Contains :; Vidarikand; Pueraria tuberose; 31%; Soya; Glycine max; 62%; Jyotishmati; Celastrus paniculata; 3.25%; Haritaki; Terminalia chebula; 1.25%; Made in India; Bhibhitaki; Terminalia belerica; 1.25%; Amalaki; Emblica officinalis; 1.25%; Mfg By:Rajasihan; Dosage : One Pouch daily with Meals.; Indications :As per Physician advice.; Ayurveda park, Riico Road,; Mfg.LIC No.Ayu-594; www.rajasthanherbalsinternational.com; Batch No..; Mktd By Rajasthan Aushdhalaya Pvt.Ltd.; RAPL HOUSEOpp.MTNLS.V.Roa; Mfg Date :; NMJ20062; Jogeshwari (W)Mumbai-102, India.; Exp.Date :; 01/2021; Customer Care No.022-26785882; MRP:; 12/2022; (Inciusive fall taxes); R5.104",item_weight,45 gram
872083,NET WEIGHT 250 g 8.8 oze; slurrp; made by; farm; two mothers; Ma9ic; Milk Mix; BERRY BLAST; NO REFINED SUGAR; NO MAIDA; 15; ESSENTIAL; XE; NUTRIENTS; JAGGERY; PROTEIN FOR; JOWAR; GROWTH; AND OAT,item_weight,250 gram
872083,"HOW TO STORE; Keep it in a cool, dry place.; Once it's opened, it must be kept in; an airtight container.; NET WEIGHT 25O g (8.8 oz) e; MRP: <449.00; (INCLUSIVE OF ALL TAXES)",item_weight,250 gram
750220,Medjoul; Natural dates; ORIGINAL; Dattes; Naturelles; Datiles; Natureles; 250 g; ClassI,item_weight,250 gram
750220,ordanRiver; KING; Class; TES; Categorie; Handelsklasse; 250g,item_weight,250 gram
630390,WILDWHEY; WILD.WHEY; WILD WHEY; WILDWHEY; WILD WHEY; WILDWHEY; WILOKER; R; DREXSPORT; NEW; POWER IS HERE; POWERFL; FORMULA; HOLOGRAM; CHECHOLOGRAM; CHECKORIGINAL; WILD WHEY; NETWT3.5LBS (1600g); DIETARY SUPPLEMENTE; Delicious Chocolate Flavor; WILD WHEY; WILDWHEY; WILD WHEY; WILD WHEY; WILD.WHEY; WILD WHEY,item_weight,3.5 pound
630390,"Grass-fed,; A2 Organic; Cows Whey Protein; is Highly Nutritious and Bioavailable; LOSE; DELICOUS FOR SURE; DREXSPORT; POWER IS HERE; POWERF; FORMUL; PLEASANT AROMA; MAKESYOU STRONGER; WILD WHEY; ETWT3.5LBS (1600g); METARY SUPPLEMENT; Delicious Chocolate Flavor; ?; DREXSPDRT; POWERISHERE; ALL-NATURAL. ZERO CHEMICAL",item_weight,3.5 pound
630390,WORLD'S 1ST AND PATENTED (398320); INIQUE AND;  ORGANIC FOR YOUR PHYSOUE; DREXSPORT; POWER IS MERE; DREXSPORT; POWER ISHERE; POWERFUL; WILOMUSCLE; WILD WHEY; UPPLEMENT; Delicious Chocolate Flavor; Delicious Chocolate Flavor; MILD MUSCL; WHEY+CREATINE+; WHEYFOR MEN. WOMEN; FOR SPORTSAND; AND ATHLETE; BODYBUILDING,item_weight,3.5 pound
881883,OUR ADVANTAGES; 2LAYER CURTAIN; 1 LAYER CURTAIN; 2; 3; 2; 3; 4; 4; 423; 575; OUTERLAYER:225 GSM; LESSTHAN200 GSM; INNERLAYER: 180 GSM,item_weight,200.0 gram
299791,"24"" Box chain; 1.6""(41mm); Pendant weight 7g; 0.2""(5mm)",item_weight,7 gram
296953,FLIP 18; IS2/3; 10/s; YETI; 123/5; YETI; OUTSIDE123/5x152/3; INSIDE101/4x141/4; EMPTY WEIGHT5.1Ibs; 16; CANSOF; 20; POUNDS OF; CE; BEER; ICE (ONLY); using a2:1ice tobeer ratio,item_weight,5.1 pound
709627,"Multiple protections; MODEL:A-1B; I; Rating:7.2V17.57Wh; Rechargeable Li-ion Battery; Min.Capacity:2440mAh; CAUTION; ODO NOT CONNECTIMPROPERLY.; ODO NOTDISPOSE OF INFIRE OREXPOSE TO; EXCESS HEAT; DONOTCRUSH,PUNCTURE; ODO NOT INCINERATE OR SHORT CIRCUIT; EXTERNAL CONTACTS; 53; Made in China; Li-ion battery pack; Temperature; Overvoltage; protection; protection; Short circuit; Input anti-reverse; protection; protection; Overcharge and over; discharge protection",voltage,7.2 volt
675317,Weight: 6.04 Ounces; 48MM/1.88; M8X1.25; M10X1.25; 46R; 75MM/2.95'; M10X1.5; M12X1.25,item_weight,6.04 ounce
881883,HEAVY-WEIGHT,item_weight,180.0 gram
630869,Weight : 15g; Long : 6.5cm 2.6inch; HALLOWEEN; 2cm; 2.5cm 0.98inch,item_weight,15.0 gram
630869,"Details & Size; Spring-loaded; 58mm/(2.28""); buckle; Can be opened; 11.8mm(0.46""); 13mm/(0.51""); Material:Stainless steel.  IP gold plating  Enamel; Weight:33g",item_weight,33.0 gram
866516,Long beard doll red; Weight: 150g; Size: 4.0 inch wide; 2.7 inch thick; 11 inch high,item_weight,150.0 gram
459516,agobl; FORMULATEDIN USA; SAWPALMETTO; MACA ROOT; PROSTATE & URINARY; SUPPORT; 150 CAPSULES; 1500MG; DIETARY SUPPLEMENT,item_weight,1500.0 milligram
459516,1400MG'; SAW; MEN'S HEALTH*; BOOSTS DRIVE*; PALMETTO; 100MG; MACA; ROOT; SAW PALMETTO and MACA ROOT may be; more effective when taken in combination,item_weight,100.0 milligram
459516,1500 mg per serving; 19050; 150 Capsules (75 Day Supply); FORMULATED IN USA; SAWPALMETTO; 14:1;  Extract; MACA ROOT; PROSTATE&URINARY*; Natural Ingredient; OTHER; 150 cAr; BRAND; DIETAD; Third tested party; GMO - Gluten Free; 300 mg/serving ; Vegan - GMP; 60 Capsules (20 day supply) ; Third tested party ; GMO - GMP,item_weight,300.0 milligram
459516,agobi; TESTED; agobl; FORMULATED IN USA; SAWPALMETTO; MACA ROOT; PROSTATE &URINARY*; SUPPORT; 150 CAPSULES; C; m; 1500MG; DIETARY SUPPLEMENT; DIETARY SUPPLEMENT - FORMULATEDIN USA,item_weight,1500.0 milligram
397856,vitafusion; GUMMY VITAMINS; D; VITAMIN; 3; 75 mcg; EXTRA; STRENGTHE; per serving; For Bone &Immune Support*; S; AND; 120; VITAMIN; gummies; H Potency Citamin D3; NATURALE; NETARY SUPPLEMENT; STRAWBERRYFLAVOR,item_weight,75.0 microgram
397856,"D3; vitamin; 3,000 IU of high-; potency Vitamin D3; per serving; vitafusion; GUMMY VITAMINS; VITAMIN; D; 3; EXTRA; 75 mcg; STRENGTH; per serving; For Bone & Immune Support*; MERICA; #; VITAMIN; *These statements have not been evaluated by the Food and Drug Administration.; 120; This product is not intended to diagnose, treat, cure or prevent any disease.; ncy Vitamin n3",item_weight,75.0 microgram
630869,6cm; 10.5cm; Net Weight:124g,item_weight,124.0 gram
442321,"PRODUCTSPECIFICATIONS; PACKAGE DIMENSIOS : 38""*8.7""*18.1""; PACKAGE WEIGHT: 30.8 Ibs; 9.0; 14.1""; 43.3; 11; 8.1; 5.7; 8.1""; Waterproof Handbag; 29.5""; 17.5",item_weight,30.8 pound
299791,46; CM; 1.4cm; 6cm; Net Weight: 88g; 2.7cm,item_weight,88.0 gram
318770,TYPE-D INTERFACE; Support full HD video real-time playback; DC; 00:05; Micro HDMI Interface; GoPro; PLUG.; POWE; Plug and Play; Convenient and Fast; 00:01; 1HO4S,wattage,30.0 watt
318770,PORCO; 81; ransms; PD100W,wattage,100.0 watt
318770,Q/SZ010-2018; 240; Gan Lee Sixth RoadGankeng CommunityJua Street ShenzhenChina; Companydd1903-190414anostril Prk.12; A1903-1904; 14; www.orico.com.cn; Hotin400-6696298; ORehngisCod.; /Cablelength; /nterface; ideo Outpu; /Output Power; /Transmission Speed; /Product Color; Cable Material; /Product Model; /Product Name; /SPECIFICATIONS; /Made in China; mersService@outlook.com; R; EORICO; ORICO; Website www.orico.cc; 86-755-25196059; USB-CtoC; 8K@60Hz; 20V5A100WMax); 40Gbps; /Gray; Aluminum Alloy+Nylon Braided; +; 0.3M0.8M; TBW4; UKREP EVESIONTRADINGLIMITED; BUSTENPAPIER; TBW4-08-GY-BP; 8,wattage,100.0 watt
487566,FIRE; Blanket; EStandard:EN-1869:1997; 3ft (40inch); ADEFROM1GLASSTFABRC; Take a rease tape n ach nand; 12.5 inch; and pul downwards and outwaro; blanket over the flame; oseal oa; Leave in position until cool; 11.0mX1.0m; 11.2mX1.8m; MADEINPR; 3ft (40inch); 7 inch; mm/inf; Blanket; 0.500; off; zero; 500; THICKNESS: O.5mm; WEIGHT: 500g,item_weight,500.0 gram
179080,CTYELECTRIC BIKE; 250W48VM0T0R; GEAREDMOTOR; 25KM/HTOP SPEED; MAXIMUM; CRUISING RANGE; 80-90KILOMETERS; CHARGING TAKES; 4-6HOURS,voltage,48.0 volt
140266,BUILT-INPOWERBANK; 4400mAh High-capacity; Keep your devices charged on the job;  Charging Time: 6 HOURS;  Lasting Time : 4.5~14 HOURS; 5V1A; USB; INPUT USB-C; Car Chargeo; Power Adapter; Power Bank,voltage,5.0 volt
