group_id,text,entity_name,entity_value
844474,High Quality Polyester Fabric; Breathable & Easy to Clean.; Weight: 0.8KG; OVNVHZ; 45CM; 15.6Inch; MODE:; BELLE; DE; 38CM; UI; 26CM; 28CM; 18CM,item_weight,0.8 kilogram
709627,Basic Information; Battery Capacity; 1300mAh; Discharage Rate; 100C; Battery Voltage; 14.8 V; Cell Configuration; 4S; Connector Type; XT60 P|ug; Balancer Connector Type; JST-XHR; Weight: 169g; LDECOD; 1.38 Inches; 1300; mAh; 100c; ROHS CE FC; LiPo4S14.8V19.24WH; GOLD; 1.26 Inches; 2.83 Inches; TO; J30,item_weight,169.0 gram
299791,"UNIOUE; DESIGN; 0.55inch; 0.78inch; 0.55inch-; 0.66inch; Weight: 10g; 20""+ 2"" Extension; Moderate thickness; Rotatable screws,; Chain Length; suitable for ashes; tightly fixed",item_weight,10.0 gram
523149,,item_weight,7.0 gram
630390,+watt; WHEY; PROTEN 90; Integratore alimentare di proteine; GLUTEN; del siero del latte isolate e vitamine.; FREE; Con edulcoranti. Ultrasolubile.; Food supplement of micro-ultrafiltered; STEVIOL; GLYCOS; With sweeteners.Ultrasoluble.; 750 g; 30 dosi /servings,item_weight,750.0 gram
810266,"8 cm; Specifications:; Material:. borosilicate glass; 9,5 cm; Colors:d; 3- Natural, Pink, Gold; Weight:; :160 g; Volume:; :180ml; Shape:; .Shiba Inu; 6 cm",item_weight,160.0 gram
748919,ZITROMAC; SOLCCIONES CITRICAS; PINA; DESHIDRATADA; Peso Neto:270gr; 65-70 UNIDADES; .,item_weight,270.0 gram
993359,FRESH; MIILor; FENNEL; Hq  qla; Net Wt. 500g; 902929001101; 505050507,item_weight,500 gram
731432,NUTRIARC; MUSCLE; MASS GAINER; 609; 1012; 200g; 12g; PROTEIN; CALORIES; CRARBS; BOAR; 100%; PURE INGREDIENTS; CHOCOLATE; MILKSHAKE; ZERO; NETWT.1KG; REE; ADDED SUGAR,item_weight,1 kilogram
731432,PREMIUM OUALITY; NGRIDIENTS; ADDED; HIGH OUALITY; PROTEIN BLEND; ADDED; CREATINE; MONOHYDRATE; NUTRIARC; ADDED; MUSCLE; BCAA&; MOSSGOINER; GLUTAMINE; 60g; 6002/62101; 12g; PROTEIN; 100%; PUREINGREDIENTS; CHOCLATE; ADDED; MILKSHAKE; VITAMINS&; FREEZERO; NELWT; MINERALS,item_weight,10 kilogram
731432,DESIGNED; FOR; EXTREME; GAINS; Support Weight &; Muscle Building.; Muscle Size &.; Strength; NUTRIARC; Rapid Muscle; MUSCLE; MASS GAINER; Recovery; 609; 1012g; 200g; 2g; PROTEIN; 100%; Reduce Muscle; PUREINGREDIENTS; CHOCLATE; MILKSHAKE; Break down; NETWL1NG,item_weight,1 kilogram
731432,"1KG2.2lbs; Contains Added Flavour-Chocolate (Natural and Nature Identical; NUTRITION FACTS; Flavouring Substances); AMINO ACID PROFILE; Servings Per; Serving Size 1 Scoop 50 g); BCAA (Branched Chain Amino Acids) (g/100g protein); Container:20; Per 100g; Quantity Per; %Daily; Leucine; 2.50 g; Serving; Values*; Iso Leucine; 1.25 g; Valine; Energy; 253 kcal; 1.25 g; Essential Amino Acids; Total Fat; 1g; 3.00%; Lysine; 2.00g; 0.5g; Methionine; 0.50 g; Saturated Fat; Phenylalanine; 1.00g; Trans Fat; 60; Tryptophan; 0.40g; 10 mg; Threonine; 1.70g; Cholesterol; 3%; Other Amino Acids (g/100g protein); Sodium; 50mg; 7%; Alanine; 1.40g; Glutamic Acid; 3.00 g; Total Carbohydrates; 50g; Glycine; 0.60 g; Sugars (As Sucrose); 5g; Histidine; 0.60 g; Proline; 1.25 g; Protein; 12g; 50%; Cysteine; 0.40g; BCAA Blend; 5.5g; Tryosine; 1.20g; Arginine; 1.20 g; *Percent Daily Values DV) are based on a 2000 calorie diet. Your Daily Values may; Serine; 1.30 g; be higher or lower depending on your calorie needs; Aspartic Acid; 2.50 g; INGREDIENTS; whey protein blend (Whey Protein Cocentrate, Whey Protein Isolate), Skimed Milk Powder,; Maltodextrin,Alkalized Cocoa Powder,Stabilizer INS415,INS417).Sunflower; lecithin(INS322)Sucralose (INS955),Glutamine,Creatine Monohydrate; MUSCLE; MASS GAINER; 6002/62101609; 100%; PUREINGREDIENTS; CHOCLATE; MILKSHAKE; ZERO",item_weight,2.2 pound
752266,60W; PROfessional; Install; 6.600lm; bianco naturale; IP65; x2; C; 120cm,wattage,60.0 watt
459516,South Moon; CAUTION; Dendrobium &Mullein; Tendis forestenaa; Extract Herbal Drop; STORAGE; Powerful Lung Support; Cleanse.; Se noloy pace way; Respiratory; frmsunigtKeep otof; eact ofcnidten; Manufac.uier; Shantou Cres-coder; Premium Proousts; E-comerce CoLid; Adthess; Rocm5.Buling.Buiding; 1901C.nyBsess; ere.15i; Rced Sharicu.; Seff ie ers; Net.30ml; robium&Mullein; ict Herbal Drop; rful Lung Support; 1se; iratory; C; Balance; Enhance; breathing function; mucus levels; MAX; Maximum; Cleans &; potency; g function; Clpanways; 30ml/1fl.oz; VEGANGMO FREEISO; VEGANGMO FREEISO,item_volume,30.0 millilitre
459516,DENDROBIOM & MULLEN; EXTRACT HERBAL DROP; before; after; CLTIOC; Dendrobium &Mullein; ae; Extract Herbal Drop; STIORE; Powerful Lung Support; Sehw dypaeny; Per.nd; Ece.; FrBking58.ng; Cara  ; Net 30om; ct Herbal.Dro; Eranng function; Balans evels; Clanaways; OBalen; 30ml/1fl.oz; VEGANGMO FREEISO; VEGANGMO FREEISO,item_volume,30.0 millilitre
459516,"endinshreen; Dendrobium&Muliein; Extract Herbal Drop; STERMEE; Powerful Lung Support; Respiratory; Ee; HERBALDROPSOF DENDROBIUM; cna.c5.am; AND PISTILUSEXTRACTS; Net.30m; act Herbal Drop; The herbal drops are absorbed under the;  Eang unction; malans lovols; tongue. The ingredients act on the lungs; anaiways; @Maximym; and respiratory system through the blood,; Omu; stimulate and dilute the mucus in the trachea; 30ml/1fl.oz; VEGAN-GMO FREEISO; VEGANGMO FREE-ISO; and lungs, help expel sputum and lung residues; within 2 hours, and dredge the airway.",item_volume,30.0 millilitre
459516,CLICE; Dendrobium &Mullein; Teoarstremal; e ; Extract Herbal Drop; STCRAGE; Powerful Lung Sup; Srer op; Nanradm; FerumPrdurs; xdes; e15Habn; Net.30m; oblum &Muliein; ct Herbal Drop; Lung ; lanaiways; Maximyn; Cpana; 30ml/1fl.oz; VEGANGMO FREEISO; Herbal; Relieve; To the; extract; pain; throat; Oral; Mild and; Longterm; bacteriostasis; comfortable; protection,item_volume,30.0 millilitre
459516,MAIN COMPONENTS; Purified Water; Dendrobium; Mullein Extract; Elderberry; 30ml/1fl.oz; EGAN GMO FREE-ISO; Grape Seed Oil; Burdock Leaf,item_volume,30.0 millilitre
529606,"TERPENEINFUSED; 100%S0Y; AROMATHERAPY CANDLE; ALL-NATURAL; 100%BOTANICAL; HEMPWICK; PLANT TERPENES; 2GRAMSPERCANDLE; 100%SOY; CLEANEST; REAL; BURNINGWAX; Runtoy; 20ZJAR; WITHLID; SOFT-TOUCH""; MATTEFINISH",item_weight,2 ounce
299791,INFORMATION;  Chain Length: 48+5 cm; M; Material: Titanium Steel; Size: 20x13 mm; M; Weight: 8.1 g (About); Tips:The size of the product is measured manually; and may be subject to marginal error.; 20 mm; Custom; Text; Love; You; 13 mm,item_weight,8.1 gram
308856,AMAAA; 2kg; REE; CANINE; CREEK; LIFE PRESERVATION FORMULA; PROTEIN; 30%; FAT; 24%; SINGLE GRAIN; ALL BREED ALLAGE FORMULA; BREEDER PACK,item_weight,2 kilogram
308856,CANINE; CREEK; Club; 13891; lu; USA; ATED,item_weight,10 kilogram
681445,RUTED; ENGUSH,item_weight,500.0 kilogram
365637,"JuantoMiletes; Quantum; Naturals; DATESYRUP; M; uantoMilletex; MILLET; MILLET SHORTBREAD; Enhanced With Psyllium Husk and Fennel; Sweetened with Date Syrup; All day snack for boosting energy; DELICIOUS,; HEALTHY&; GREATFOR; DIGESTION; ENERGYFROM; SUPERFOOD; FOR ALL AGE; GROUPS.; PSYLUOM HUSK; MOLTIGRAIN; Net Weight200gm",item_weight,200.0 gram
365637,DuantoMiuete; Quantum; Naturals; OuantoMilletex; MILLET SHORTBREAD; Enhanced With Psyllium Husk and Fennel; Sweetened with Date Syrupe; All day snack for boosting energy; THY8; GROUPS; Net Weight 200gin,item_weight,200.0 gram
365637,AllNatural; Ingredients; DuantMles; Quantum; Naturals; SuantoMilletex; Date syrup; Fennel;  MILlET SHoRTBrEAD; Enhanced With Psyllium Husk and Fenne!; Sweetened with Date Syrupe; All day snack for boosting energy; Millet; Psyllium Husk; Net Weight 200gm; Multigrains,item_weight,200.0 gram
365637,All day snack; for boosting energy; All Natural; Ingredients; Quantum; Improves; Quick source; Naturals; Digestion; of Energy; uantoMilletex;  MILLeT SHortBreaD; Rich in fibre; Delicious in; Enhanced With Psyllium Husk and Fenne; Sweetened with Date Syrup; andvitamins; taste; All day snack for boosting energy; Net Weight200gm; Contains superfood in; combination with Millets; and Multigrains,item_weight,200.0 gram
365637,"Nutrition Facts.; Value per 100g; Value per Serving; Energy,kcal/100g; 566.76; 202.4; Protein, g/100g; 6.25; 2.23; Total Carbohydrate,g/100g; 57.93; 20.69; Total Fat, g/100g; 30.64; 10.94; Vitamin A,mcg/100g; 0; 0; Vitamin C,mg/100g; 5.99; 2.1; Total Sugar(sucrose),g/100g; 5.99; 2.14; Dietary Fibre,g/100g; 2.31; 0.83; Calories from fat (Kcal/100gm); 275.76; 98.49; Sodium,mg/100g; 24.28; 8.67; Calcium, mg/100g; 52.42; 18.72; Iron, mg/100g; 2.78; 1.0; Saturated Fatty Acid, g/100g; 19.41; 6.9; Trans Fatty Acid, g/100g; 0; 0; Cholesterol, mg/100g; 0; 0",item_weight,100.0 gram
365637,Available in; TWO OTHER DIFFERENT; FLAVOURS; DuantoMlle; DrantoMtulete; Quantum; Quantum; Quantum; Naturals; Naturals; Naturals; OuantoMill; OuantoMill; uantoMilletex; MILLET SHORTBREAD; LE; MILLET SHORTBREAD; MILLET SHORTBREAD; Enhanced With Psyllium Husk and; Enhanced With Psyllium Husk and; Enhanced With Psyllium Husk and Fennele; Sweetened with Date Syrup; Sweetened with Coco Butter; Sweetened with Jaggery; All day snack for boosting ene; All day snack for boosting ene; All day snack for boosting energy; Net Weight200 gm; Net Weight200 gm; Net Weight200gm,item_weight,200.0 gram
487566,baubeed; 0 -6 MONTHS; UPTO 5 KGS; Kgs,item_weight,5.0 kilogram
767202,Unsere Produkte reduzieren die Betriebskosten; des Druckers um bis zu 60% und behalten dabe; den hohen technischen Parameter und die; Druckqualitat bei.,item_weight,60.0 pound
369753,HOW TO USE; 1 TEST; 2PREP; Take a easy skin allergy test; Skin care and moisturizing before use; 3 CUT; 4STICK; Cut to the size as required; Cover the areas that need,item_volume,3.0 cubic foot
731432,"Storage; Store in a cool,; dry place after; opening; Collagen; IROU; Peptides Powder; Chewable; C-500; Joint and Bone Health; Astaxanthin; Promotes Healthy Skin; Antioxidant Protection; Clinically Tested; 4mg; Naturally Sweetenec; NET WT.8 OZ.(227g); Cellular Protection; 100 Tablets; Potent Free Radical Neu",item_weight,227 gram
709627,100.4; S; OF CHARGES; RECHARGEABLE CELL 90OmAh; DURACELL,item_weight,100 gram
639090,"Ehrmann; Grand Dessert Schoko; Nahrwertangaben pro 100g:; DE; SN006; Energie; S=; EG; 520 kJ(124 kcal); Fett; 5,0g; davon gesattigte Fettsauren; 3,3g; Kohlenhydrate; 17,0g; 002971; B=; EG; davon Zucker; 14,0g; EiweiB; 2,7g; (siehe Deckel); Salz; 0,10g; EhrmannGmbH; Hauptstr.19; 87770Oberschonegg; e190g; 4; www.ehrmann.de",item_weight,190.0 gram
639090,"Nahrwertangaben pro 100g:; Energie; 520 kJ(124 kcal); Fett; 5,0g; davon gesattigte Fettsauren; 3,3g; Kohlenhydrate; 17,0g; davon Zucker; 14,0g; EiweiB; 2,7g; Salz; 0,10g",item_weight,100.0 gram
459516,Award Winning -; Clinically Proven Ashwagandha*; Supports; TM; Aarogya360+; J; Stress & Anxiety Buster*; J; Improve Sleep Quality*; J; Strength & Stamina*; KSM-66; R; Ashwagandha; 5% withanolides; anti-caking; agents.; KSM-66; Ashwagandha; 600 mg.60; Vcaps Plus,item_weight,600 milligram
630869,"0.03 INCH; 0.8MM; 0.12 INCH; 3MM; 1.60 INCH; (40.7MM); Net Weight:3.2G; S; Forever In My Hean; 925 SterlingSilver; Customizable; 6.3+2 INCH Extend Chain; (160mm+50MM); Manual measurement, the size may be slightly different from the physical.",item_weight,3.2 gram
630869,Weight:6.5g; Length:19cm+5cm,item_weight,6.5 gram
881883,"BELLA; ELEGANTJACOUARD WINDOW CURTAIN; WITH ATTACHED VALANCE; Description:; Color:Beige; Blue; Brick; 160GSM JAQUARD+FANCY VALANCE; BURGUNDYGreyLIGHT BROWN; Fabric Content:100%Polyester.; Light taupe; Size:54""x84+18""; VENICE COLLECTIONS,INC; RN#131381; MADE IN CHINA; WARNING; TO AVOID ANY DANGER OF SUFFOCATION KEEP AWAY FROM BABIES AND; CHILDREN.DO NOT USE IN CRIBS,BEDS,CARRIAGES OR PLAY PENS; THIS BAG IS NOT A TOY",item_weight,160.0 gram
558374,"Nutrition Facts.; 3 Pieces (42g); Serving size; Amount Per Serving; 160; Calories; % Daily Value*; Total Fat Og; 0%; Saturated Fat 0g; 0%; Trans Fat Og; Cholesterol Omg; 0%; Sodium 15mg; 1%; Total Carbohydrate 39g; 14%; Dietary Fiber 0g; 0%; Total Sugars 28g; Includes 28g Added Sugars.; 56%; Protein 0g; 0%; Vitamin D 0mcg; 0%; Calcium Omg; 0%; Iron 0mg; 0%; Potassium Omg; 0%; * The % Daily Value (DV) tells you how much a nutrient in a; serving of food contributes to a daily diet. 2,000 calories a; day is used for general nutrition advice..; Ingredients: Sugar, Glucose, Agar, Citric; Acid, Canola Oil, Natural & Artificial.; Flavors, Artificial Colors.",item_weight,42.0 gram
601746,BALLwEIGHT:26 Grams; BALL DIAMETER: 74Mm; NUMBER OF HOLES: 4O,item_weight,26.0 gram
752266,"Specification:; Product name: Solar Sensor Wall Lights; Quantity: 2PCS; Solar panel: 5.5V, 0.55w; LED: 144 LED;  Sensor angle: 120 degrees; Sensor distance: 3-7m;  Protection level: IP65 waterproof; Switch: Mode 1 - Mode 2 - Mode 3 -off; Charging time: 8 hours in the sunlight; Function Switch:; 1. The first work mode: continuously bright light; constant light in dark places, when people go through;  the sensor area, strong lighting 20 seconds. And the light;  will turn to dim after people leave the induction area.; 3. The 3rd work mode: When people go through the sensor; people leave the induction area.; ER; DE; PLASTIQUE; Made in China",wattage,0.55 watt
254449,Zinc; 50 mg; Non-GMO; Sans OGM; 250; tablets; comprimes; NPN80006007,item_weight,50.0 milligram
523149,RINFIT; SILICONE RINGS,item_weight,10.0 kilogram
416664,,wattage,49.0 watt
459516,Herbal max; Discover wellness; GREEN; COFFEE; BURN FAT; Enhances Mood*; 60; Improves Digestion*; 500MG; Dietary Supplement; CAPSULES,item_weight,500 milligram
459516,BENEFITSOF GREEN COFFEE; S'Herbal max; Discover wellness; 30; Helps Control; Supports Blood; Appetite*; Sugar Level*; Supports Weight; Supports Immune; managment*; System*; Boosts; Herbal max; Healthy; Metabolism*; Discover wellne; Digestion*; GREEN; COFFEE; BURNFAT; Enhance; Supports; *poow; Fat Burn*; Enhances Mood*; Improves Digestion*; 60; 500MG; Dietary Supplement; CAPSULES,item_weight,500 milligram
241608,16G Thick High Grade 304 Stainless Steel.; -Anti-Scratch-; Anti-Rust; Water Repellent-; Stain Resistant & Anti-bacterial Protection,item_weight,16.0 gram
308856,2KG FREE; DOS FOOD ONLY; NEW; OS FOOD ON; NEW; HPURINA; SUPERCOAT; +; 26%; PUPPYIUPTOI; on; HPURINA; ar; 12%; WITH CHICKEN; SUPERCOAT; us; re; 8KG; I; 26%; PUPPYIUPTOI; 129; WITH CHICKEN; 0; SMARTBL; TEETH.; BUNESUPPORT; SMARTBLEND; CHAL COLOURSAFLAVOUR; RECISENUTRTIONFORWH,item_weight,8 kilogram
