group_id,text,entity_name,entity_value
978900,"EASY TO DEMOULD; Not only suitable for baking, layering, and shaping; 13.66inch; 1.18inch; 9.21inch; 1.45inch; 8.07inch; 3.93inch; Can make homemade hamburgers; 276.0G; Can make homemade cookies; Total weight",item_weight,276.0 gram
459516,0OS.; CERTIFI; AB; GRICULTURE; BIOLOGIQUE; ESPINO,item_weight,400.0 milligram
459516,Ingredientes por 3 comprimidos; Polvo de Espino sumidades floridas*:1200 mg; Carbonato de magnesio; Peso neto:90 g; *Producto de la agricultura ecologica; FR-BIO-01; Agricultura UE /no UE; Complemento alimenticio; Lote/Consumir preferentamente antes del fin de:; [ver parte inferior envase); X000EJU3AH; 0mg; Espino Blanco Organico-400 mg-200 comprimidos; Neuf,item_weight,90.0 gram
752266,60/80/100/120cm; Voltage: 110-220V; Material:Metal+acrylic; Power:12/16/20/24W; Color:black.white; Color temperature:3000K-6000K,wattage,24.0 watt
281678,"Supplement Facts; Serving Size 1 tea bag (makes 8 fl. oz.); Servings Per Container 16; Amount Per Serving.; %DV; Calories; 0; All Herbal Ingredients:.; Organic chamomile flower; 1300 mg; + Daily Value (DV) not established.; Made by TRADITIONAL MEDICINALS; 4515 Ross Road, Sebastopol, CA 95472 USA; Certified organic by CcoF. All Ingredients Certified Organic.; Certified; NON; USDA; GMO; Project; ORGANIC; VERIFIED; nongmoproject.org; Corporation; Do not use this product if you are allergic to plants in the daisy (Asteraceae; family. Consult your healthcare practitioner prior to use if you are pregnant; or breastfeeding..; These statements have not been evaluated by the Food and Drug Administration.; This product is not intended to diagnose, treat, cure or prevent any disease.",item_volume,8.0 fluid ounce
132401,"Hemorrhoids Care Cushion; Don't worry about hemorrhoid pain if you sit for a long time.; and extra large, better wrapping the buttocks.; Weigh (165 pounds); 16.9inch; 15.4inch; Breathable fabric; 6.7*4.1inch; 3.1inch; Hollow design, circulation and ventilation.; relieve hemorrhoid pain",item_weight,165.0 pound
459516,Beistarkeren; korperlichen/ betont; seelischen Beschwerden; Enthalt zwei hochwertige; Pflanzenextrakte; Exzellente bis gute; Vertraglichkeit'; Briese et al.2007.Maturitas574405-14,item_volume,2007.0 gallon
459516,"Weniger Hitzewallungen; Weniger depressive; Verstimmungen; ZZ; Verbesserte; Schlafeffizienz2; Uebelhack et al.2006.Obstet Gynecol107 2 Pt 1)247-255; 2Jiang et al.2015.Climacteric,184559-567",item_volume,2006.0 gallon
459516,"Warum remifeminplus; Johanniskraut?; remifemin; PLUS; JOHANNISKRAUT; Pflanzliches Arzneimittel; bei Wechseljahresbeschwerden; Stark und hormonfrei; Pflanzlich und sehr gut vertraglich; Effiziente Therapie, auch nach; Absetzen einer Hormontherapie; Briese et al.2007.Maturitas,57 4405-14",item_volume,2007.0 gallon
523149,5mm; about: 2.5g,item_weight,2.5 gram
483370,100g; 30cm,item_weight,100.0 gram
459516,phalada; pure; &sure; ORGANIC; SUPERFOOD; Triphala; POWDER; R; 100 g/3.52 oZ; hassing; Paworks; ynoqtani; certified organic,item_weight,3.52 ounce
459516,ALL NATURAL; Q CERTIFIED ORGANIC; Organic; Triphala Powder; Net Quantity:100 g; INGREDIENTS:HaritakiBibhitakiAmla; Organic Ingredients; NUTRITIONFACTS per 100g approx); Ener.....356.93; Protein(g)..; 2.88; Carbohydrates(g....; 85.52; Nil; 0.49; 8906047002163; Facility.,item_weight,100 gram
459516,phalada; pure; &sure; SUPERGANUC+; Triphala; POWDER; certified organic,item_weight,3.52 ounce
459516,phalada; pure; &sure; ORGANIC; SUPERFOOD; Triphala; POWDER; 100g/3.52 oz; .certified organic,item_weight,100 gram
226504,PRODUCT DIMENSIONS; 250; mm; 320; 250 mm; mm; WEIGHT: 10.5 KG; VOLUME: 20 L,item_weight,10.5 kilogram
446789,5 YEARS; 300; KGS; ARRAN; 5 Years Warranty; Weight Bearing Capacity; Quality Verified; Accomodates 2 Adults,maximum_weight_recommendation,300 kilogram
308856,Tear along dotted line; IMPORTS; NET WT; 70g,item_weight,70 gram
308856,CHIP CHOPS; CHICKEN & COD ROL!; DOGTREAT; Tear along dotted lin; VBK; IMPORTS; HOR; 70g,item_weight,70 gram
308856,CHARCHOR; Benefits; Muscle; Development; Faster Wound; Healthy Hair; & Injury Healing; AX; Healthy Skin; Improved Heart; Condition; CHOR; w; Right Amount; Easily; of Protein; Digestive,item_weight,70 gram
993359,PRO; NATURE; No GMO used; 100%ORGANIC; in production; ORGANIC; NPOP/NAB/EGS; Cumin Powder; 100g|3.52oz,item_weight,3.52 ounce
993359,CUMIN POWDER; PRO; NATURE; No GMO used; 100%ORGANIC; in production; ORGANIC; NPOPINAB/EOS; Cumin Powder; 100g|3.52oz; ORGANIC; 100g,item_weight,100 gram
375816,Instant Coffee-Chicory mixture made; from blends of Coffee and Chicory; Coffee 60%; Chicory 40%; 200g; NET WEIGHT:; INSTANT COFFEE; CHICORYMIXTURE; OTHER,item_weight,200 gram
375816,Instant Colfe-Chcorymwxture; n blends ofCofee and Chi; 1800 103 1947; WECARE@IN.NESTLE.COM; P.O.BAGNO.2.NEW DELHI-110 001; NESTLE CONSUMER CARE; Coffee 60%Chicory 40%; ONTENTS IMMEDIATELY NTOAN AIRTIGHT CONTAINER; NEIWEIGHT:; 206g; INSTANT.COF; CHICORYMIX; Vanufactured By; ESTLE INDIA LIMITED; Lot No.; 0/101.Word Trade Centre; MFD.; arakhamba Lane.New Delhi-110 001; KIAD8 Indusrial area.Nanjangud; xe.Kamsuk; S0100,item_weight,200 gram
529606,Puremazing; RELAX,item_weight,0 gram
529606,"RELAX; No toxins & pollutants; HAPPY; Puremazing""; Biodegradable and; water soluble; SENSL; Burns with zero petro-; Puremazing""; carbon soot, unlike; paraffin wax; Burns upto 30 Hours; SWEET",item_weight,0 gram
731432,"NO PRESERVATIVESONO ARTIFICIAL FLAVOURSONO ADDED SUGAR; My Happy Gut is a blend of superfoods that help improve digestion, ease constipation; and boost overall health by improving your gut health.; HOW TO USE:Add approx.half tsp of the mix to a glass of hot water or buttermilk.Stir well. Enjoy; TASTES LIKE:Earthy herbs; Net wt :; 60g; MRP; : 780/-; NUTRITION FACTS PER JAR (60g); (incl. of all taxes); Batch; :; Energy (Kcal); 204.24; Mfg. date :; Fats (g); 0.35; Best before:12 months from manufacturing; Carbs (g); 53.06;  Store in a cool dry place. Use within 6 months of opening; Protein (g); 2.04; PROPRIETARY FOOD:; Manufactured & Marketed by:; INGREDIENTS:; CosMix,C-404,Gopalan Jewels,Kanakapura Road; Mulethi, Fermented Papaya, Guava,; Near Kananakunte Cross,; Triphala,Ginger, Ashoka Root,Jeera; Doddakallasandra, Bangalore-560062; That's all!; For feedback or complaints, write to info@cosmix.in,; call 6366160553 or post on the above address.; Jssal LIC.NO.21219186001317; For more details, visit: www.cosmix.in; DISCLAIMER: THIS PRODUCT IS NOT INTENDED TO CURE, DIAGNOSE OR TREAT ANY DISEASE; IN CASE OF PRE-EXISTING CONDITIONS,PLEASE CONSULTWITH YOUR PHYSICIAN.",item_weight,60 gram
523149,"High-end aluminium alloy material; New Zikr1 is made from high end aluminium alloy and; weighs only half the weight of the first generation zinc; alloy ring at 11.7g.; With its fine rounded feel, it offers a lighter and more; comfortable wearing experience",item_weight,11.7 gram
523149,"Zikr1; World's First Tasbih Smart Ring; for Muslim; New 2022, aluminium alloy,; half metal ring weight,only 11.7g; Tasbeeh Smart Counter; Zikr1 has an integrated metal CNC button; so that you can easily keep track of your daily; eTasbin; Tasbeeh count at all times; 99; 99; 99; Click the button to count and the Zikr1 vibrates; when the count reaches 33,66,99 or 100; 5 Prayer Time Reminders; 12:38; With built-in Bluetooth,Zikr1 is easily; Dhuhr.; 443; connected to the iQibla app.You can; receive 5 prayer time reminders via; Zikr1 or the smartphone app.; 12:38",item_weight,11.7 gram
881883,120 GSM Fabric; PICOFREAL,item_weight,120.0 gram
752266,LEDSPOTLIGHTS; TS-S4201G.W1.2LB(0.55KG); Model No.; TS-S4501G.W1.12LB(0.51KG); TS-F2210G.W:0.95LB0.43KG; Color Type:; 3000K; 6000K; RGB; 1Pack; MEAS:17x15x9cm/6.7inx5.9inx3.5in; Batch No.:; 202312345689101112; MADE IN CHINA CE,item_weight,0.51 kilogram
752266,370MM; 560MM; 50MM; 72W; [560X370X50MM],wattage,72.0 watt
373285,IREEN,item_volume,200.0 millilitre
523149,Made of fine steel; Rotatable; High polished.; 8mm; 7.5g,item_weight,7.5 gram
564709,500W; 36V 10Ah; 120Kg; 25KM/H; Motore potente; massima velocita; Capacita della batteria; carico massimo; 35km; 10 inch; IP54; 4-8H; Distanza massima; Pneumatico solido; Impermeabile; Tempo di carica,item_weight,120.0 kilogram
225091,"per cani; fino; a4kg; BA; Y; E; om-; advantix; BAYER; 10; Spot-on; per cani fino a 4 kg; Elimina zecche e pulci; Zecca; Repelle zecchezanzare,; flebotomi e mosche; Pulce; cavalline.; Zanzara; Flebotomo; pipette; (4x04ml; Principi attivi:; 40 mg di imidacloprid,; 200 mg di permetrina",item_weight,4.0 kilogram
225091,"Bayer; AVER; advantix; Spot-on per cani; TRIPLA PROTEZIONEspki; zecche e zanzare; ADVANTIXSPOT-ON PERCANI; FINOA4KG; Antiparassitario spot on contro pulci,zecche; e zanzare; Nome:Advantix spot-on per cani; advantix; fino a4 KG; Prodotto destinato esclusivamente a:cani; Indicazione: antiparassitario per uso esterno; Confezione:4pipette monodose; Per la prevenzione ed il trattamerto dele intestazioni da; pulci,uccide e repele le zecche,repelerte ne; confronti di zanzare e flebotomi,repellente nei; confronti della mosca cavallina nei cani.; Pipet; Repelle ed elimina le zecche riducendo il ris chio di trasmis sione di malattie come; borreliosi,rickettsiosi,ehrlichiosi; Repellente cortro zanzare e flebotomriduce i rischio di trasmis sione di malsttie; come la leishsniosi; Pu essere utilizzato quale parte dela strategis di trattamento della dermatite; aller gica da puci; Effetto larvicida di Imidacloprid contro le pulci nel'ambiente frequertato dal cane; Puo essere usato in cagne in gravidanza e in alattamento; Efficace anche se il cane si bagna;  trattamerto va rip etutoa seconda dei prassitiogni 2-3-4-settimone; Clicca qul per ve dere 'opus colo intormativo; Come si applica; odos   cnd on un  dd opd; Rpartire i mantello fno a rendere visibile la cute.Appoggiare Testremts della pip etta; sulla ce e sprenere piu volte fno a swuotare tutt o il contenuto; la fine delappcazione cortrollare di aver swuotato cornpletamente la pipetta; nrare occasioni. possibie che il cane abbia prurto nella zona di app licazione; La sens azione e transitoria e scompare in poco tepo; Non us are sui gatti; E'un medicinale veterinario:chiedi consigio al tuo veterinario; Leggere attentamerte le avvertenze nel toglio iustrativo. Tener tuori dalla portata; del barbin ed us are particolare attenzione tinche l sto dl applcazione non sia; as clutto.Luso scorretto puo essere nocivo.Aut.Pub.N.49ET/2007",item_weight,4.0 kilogram
396159,ANGENEHMES; TRAGEGEFUHL; pamuq; hochwertige Baumwolle; 100% Baumwolle; hohe Materialdichte; 4O0 gr/m' (GSM); saugfahig &; schnelltrocknend; kein schadliches; 886; Mikroplastik; OEKO-TEX; STANDARD 1003e,item_weight,2.0 gram
752266,6cm; 30cm; 42cm; 54w; 42*30*6CM],wattage,54.0 watt
192132,70mm/2.75inch ; Lovers; Oracle; ILONG; 120mm/4.72inch; FOR; YOUR; KISS.; Heart-Shaped; Fortune Telling Cards; We; 400; GSM; durable; use; paper,item_weight,400.0 gram
750220,"Valley of Tea; Blueberries Dried; Berry; Getrocknete BlaubeerenMyrtilles Sechees Mirtilli Secchi, Arandanos; Secos, Gedroogde BosbessenTorkade Blabar, Jagody suszone; Certified Organic; Latin Name:Vaccinium Cyanococcus; Harvest Date:Summer; Origin:Romania; Lot:7-2023; www.valleyoftea.com/blueberriesdried; MelleurAvant7-2027BestBefore7-2027Mindestenshaltbarbis7-2027; A consommerdepreference avant le:7-2027, Daconsumars preferbilmenteentro il:7-2027, Consumir; preferentementeantesdel:7-2027,Tn minstehoudbaartot7-2027; Non EU Landbouw; BE-BIO-1; 100g; Duinenabdijstrt48000Brugge-Begum",item_weight,100.0 gram
271537,C; MOOE; N3c; STRAINER; 50MESH,voltage,12.0 volt
271537,4008-101-A65 Water Pump; 3.0 GPM 12V RV Yacht Water Pump Set,voltage,12.0 volt
731432,VITAL PROTEINS; BEAUTY; VITAL PROTEINS; COLLAGEN; COLLAGEN; PEPTIDES; 156Collagen per Serving; Skin Hair Nail + Joint Support; 20g Collagen per Serving; 120mg of Hyaluronic Acid; SkinHairNail +Joint Support; Strawberry Lemon; Grass Fed+Pasture Raised; Naturally Flavored with; Other Natural Flavors; Frusratie uoes onydoes; Unflavored; Tot contan whole fruit.; oce se his prouct as a od; Dietary Supplement; Dietary Supplement; splement only. Do not use for; NoticeUse this p; weight reduction.; NET WT 9.6 oz (271 g); use for welght reduction.; NET WT 19.3 OZ1.2 lb)547 g,item_weight,271.0 gram
731432,20; Collagen; Peptides; WHOIE3Q; approved; Paleo; Friendly; $; Made Without; Gluten &Dairy,item_weight,20.0 gram
731432,"PROTEINS; ROTEINS; AUTY; LAGEN""; UTY; AGEN; Strawberry emon; Dietary Supplement; Collagen; Mix in Hot or.; Cold Liquids",item_weight,271.0 gram
249638,Thick and Soft Silicone Material; Protect the Phone; Reserved Charging Port; Suitable for all smartphones from 4.7 to 6.8 inches; 19; 35; 08:08,item_weight,35.0 gram
299791,"46cm(18 inches); 55cm(22 inches); 66cm(26 inches); 71cm(28 inches); 8mm(0.3 inch); 76cm(30 inches); Model height:177 cm510""); Model weight:70 kg (154 lbs)",item_weight,154 pound
529606,Find us on; Floryn Deo; R; in; Floryn ecor; You Flory eo; Tube; decor; Floryn Decor; amazon alexa; Instructions:; Dont Wakwa Whil i Can; Place Your Cnd At e Aa; Keep tAway From Kis &Pels; Keep Yourand3ApaFroaes; er oc,item_weight,2601 pound
630869,INFORMATION; PRODUCT; FREE ENGRAVING; Enamel; Optional Size; 5.5/6.0/6.5/7.0/7.5/8.0/8.5 inches; 0.51 inch; (13mm); Quality Enamel; 1.73 inch (44mm); Material: Stainless steel; Velvet Bag; GIFT; Weight: 14.5g; Medical Card,item_weight,14.5 gram
