group_id,text,entity_name,entity_value
601746,Not easy tofade; You can play with confidence; 360  round corners allow children to play without worry; Product adoption; Excellent ABS plastic,item_weight,360.0 pound
120569,eanGmbH&Co.; aurdby; Net weight:25; St.2122850; Gny; hmeticls Privpate; Ecodaby; Bay.OPet; BatchNo.; at Cmp.idg.D-9; 6.a Bunder Road; age. Dist Thane; Mig.Date; ahrashtra; cticals Private; Use Before; P No.D-7677; Re Packing Dale; acticals Private; Megaflex; Maximum Retalp; Cta Avene; (Inclusive ofal ; ta.nda; In case of compia; nde regstration; feed supplement for petanimals; consumercarecel; .Gemany; ecemarkof; BayerPhamacean; 250 g; dicals Private; tatea.baye.com; RORNEDICNALUSE; Bayer; MFX250G1200; (80321597)J,item_weight,250 gram
630390,U.S.FOOD &DRUG; ADMINISTRATION; FDA; REGD.No.1882307222; Frotein; Refreshingly Delicious Juicy Whey; 26; GLUTEN; GRAMS; FREE; PROTEIN; Light&; Flavor; SUGAR; BLUEBERRY; FLAVOR; NET WT:500GM(1.1L8S); NUTRACEUTICALS,item_weight,1.1 pound
281678,Caution. ;  10% atural and; Consult you Heit; namaste; Net.Wt-100gm;  colors or flavors; Keep out ; Ehm the herbs and; veda; Lic.No.; Net Weigt; BatchNo; Arjun Chhal; es strengtn to the; MRPRs; wAtntconditions; Mig Date; Best Befoe2m; Customer cae; Powder; email; Visit us et; Supports Heart Health; Manutacued anin; 100%; Regd.off oe; Natural; 1st flo Salet i; Note Colou e,item_weight,100 gram
281678,Strengthens heart muscles; BENEFITS; Maintains healthy heart.; function; Regulates cholesterol levels; 100 % Chemical Free.; aution ; 10% atural and; namaste; Net.Wt-100gm; Consut you; veda; Arjun Chhal; cconditions; Customercan; Powde; Supports Heart Health; Manutacoredtan; Regd ofs.,item_weight,100 gram
281678,Net.Wt-100gm; Keep ou ; namaste; atura and; nteters and; Arjun Chhal; Powde; OO; Supports Heart Health,item_weight,100 gram
281678,"HOW TO USE; Take 1 spoon of; arjun chhal powder along with; warm milk or water.; 2; 3; Do not add powder to; Take twice a day,; milk or water,; morning & evening; instead swallow powder; with help of water; AV; or milk.; namaste; ao or fiavors; Net.Wt-100gm; Consuit yo; Keep oud; veda; Lic. No.; Net Weigh; Arjun Chhal; s stengtn to the; mc conditions; Mig Dale; O; Customerca; Powder; Visit s t; Supports Heart Health; Manutactured; Regd.ofls",item_weight,100 gram
630869,Product Weight-14 grams; Length-17 cm each (Adjustable),item_weight,14 gram
993359,"UPAVEDA; ESSENTIALS; Basil; SEED; RICH IN DIETARYFIBER,ANTIOXIDANTS; AND MINERALS; NETWT.; GLUTEN-FREE; 150g",item_weight,150 gram
993359,"COMPOUNDED; ASAFOETIDA; L.G; H; Net.Wt.100 g; LALJEE GODHOO & CO.; 53,PERUMAL MUDALI STREET,; CHENNAI-600001.; Consumer Helpline; ManagerTel.No.044-2538 2348; Address:Same as above",item_weight,100 gram
299791,21 mm; Cubic zirconia; Engraving Here; 20 mm; Material; Rhodium Plated; CZ; 4x4mm; Weight; 3.3 g (About); Chain length; 40+5 cm; The size of the product is meosured manuolly.There may be some errors.; Pleose take the actual product os the standard,item_weight,3.3 gram
601746,"LE BALLON PARFAIT POUR; TON DOMAINE; DOMAINE D'APPLICATION; TAILLE DU CORPS; TAILLE DU BALLON; <150 cm; 55 cm; 155-175 cm; 65 cm; 175-185cm; 75 cm; TRAVAILLEZ; > 185 cm; 85cm; HAUTEUR DE LA TABLE; <24/60.9cm; 55 cm; DC; <28""/71,1 cm; 65cm; <32""/81,3 cm; 75 cm; OFFICE; <36""/91,4 cm; 85 cm; 85 cm; 75 cm; 150 cm; jusqu'a; 185 cm; 65cm; 55 cm; TRESKO; 300; kg; MAXIMUM; CHARGE",item_weight,300.0 kilogram
641642,Controller Impermeabile; -Ingresso:220V~240V; 50~60Hz; -Potenza Massima:1500 W; 3E; Static light(Brightness Adjust); Dynamic light(Speed Adjust); OFF; Turn ON/Turn OFF; Telecomando; R; 16 Stable Colours; a Infrarossi a 24 tasti; 4 Dynamic Mode:; Flash; -Luminosita regolabile; Strobe; -l colore puo essere cambiato; -Modalita di cambio luce opzionale; Fade; Smooth,wattage,1500.0 watt
150913,ARRIE; GRDEN; K; CEEN1888,item_weight,15.7 kilogram
373285,Aloe; Arborescens Etnea; S; Antica Ricetta Brasiliana; nig; Abruzzese; (Aloe Arborescens); Abruzzese; ALIMENTO NATURALE; (Aloe Arborescens); 800gr.e; preparato con foglie fresche intere; preparto con foglie freche intere; ECOGRUPPO; talia,item_weight,800.0 gram
373285,Miele; Aloe; foglie intere; Aloe; Arborescens Etnea; Arborescens; Etnea; Antica Ricetta Brasiliana; Biologico; ECOGRUPPO; talia;  ; Abruzzese; Abruzzese; ALIMENTONATURALE; (Aloe Arborescens); Mede in laly; 800 gr.e; preparato con foglie fresche intere; preparato con fogli fresche intere,item_weight,800.0 gram
934747,HIGH DURABILITY; No worries; Durability and Flexibility; =2KG; *The device itself is only about 0.13kg,item_weight,0.13 kilogram
308856,CIAO; h; Brot; Chicken &; Tuna Recipe; Huhnerfleisch & Thunfischrezept; Recette au poulet et au thon; Receta de pollo y atun; HIN; VitaminEAdded; NO ARTIFICIAL PRESERVATIVES; NetWt40g,item_weight,40.0 gram
730429,CLOCK ON GLASS; PRODUCT FEATURES; Aesthetic packaging; Tr0; glas; Wall clock on glass; 00000; Elegant high shine effect; Custom styrofoam; protection of sheet glass; Protecion of clock hands; Secure 5-layer corrugated; cardboard of 730g/m2grammage,item_weight,730.0 gram
630869,Enamel; High polished; Stainless steel; 12mm; Nylon rope material; Perimeter:21cm; Weight:12.5g,item_weight,12.5 gram
630869,Enamel; High polished; Stainless steel; 12mm; Nylon rope material; Perimeter:21cm; Weight:12.5g,depth,21.0 centimetre
523149,15mm; Weight:10g,item_weight,10.0 gram
107694,CE; EN13138-; Pottwal,item_weight,"[17.0, 21.0] kilogram"
107694,Front; Back; Pottwall; 1-3years/13-16kg; 4-6years/17-21kg; 7-9years/22-30kg,item_weight,"[13.0, 16.0] kilogram"
107694,"Size Chart; Pottwal; Warm Tip:; To get the best fit,please measure; your children's weight and chest; circumference.lf you're not sure; which size to get,we recommend; going a size up.; Notice:; There may be an error of 1-2cm; due to manual measurements.; There may be slight color; differences due to the different; monitors.; Size; Age; Height; Weight; S; 1-3 Years; 84-100cm/33-39""; 13-16kg/24-33lb; M; 4-6 Years; 100-110cm/39-43""; 17-21kg/33-46lb; L; 7-9Years; 110-130cm/43-51""; 22-30kg/46-77lb",item_weight,"[13.0, 16.0] kilogram"
523149,"Spinner; 8mm/(0.3""); Material:Stainless steel; Weight:8g",item_weight,8.0 gram
459516,"Salus; Dare-lare; DAKT; SALUS; Darm-Care; CURCUMA BIOAKTIV; Fur Darmgesundheit,Verdauung; und Immunsystema); Salus; SALUS; mit Calcium, Magnesium; und Vitamin D; sowie nativem Curcuma und; Darm-Care; Curcuma-Spezialextrakt mit; optimierter Bioverfugbarkeit; CURCUMA BIOAKTIV; Fur Darmgesundheit,Verdauung; und Immunsystem mit Calcium,; Magnesium und Vitamin D3; TONIKUM; 250 ml; VEGAN; TONIKUM; 250 ml; 30; 25; VEG",item_volume,250.0 millilitre
459516,"are; Salus; Darm-Care; CURCUMA BIOAKTIV; Fur Darmgesundheit, Verdauung; und Immunsystema); mit Calcium,Magnesium; und Vitamin D; sowie nativem Curcuma und; Curcuma-Spezialextrakt mit; optimierter Bioverfugbarkeit; TONIKUM; 250 ml; VEGAN",item_volume,250.0 millilitre
459516,"Fur eine gesunde Verdauung; C; Salus; Darm-Care; CURCUMA BIOAKTIV; Fur Darmgesundheit, Verdauung; und Immunsystem a); Salus; mit Calcium, Magnesium; und Vitamin D3; sowie nativem Curcuma und; Curcuma-Spezialextrakt mit; Darm-Care; optimierter Bioverfugbarkeit; CURCUMA BIOAKTIV; Fur Darmgesundheit, Verdauung; und Immunsystem mit Calcium; Magnesium und Vitamin D,; TONIKUM; 250 ml; VEGA; 30; TONIKUM; 250 ml; VEGAN; Salus",item_volume,250.0 millilitre
459516,"Salus; ALUS; Darm-Care; CURCUMA BIOAKTIV; Fur Darmgesundheit, Verdauung;  und Immunsystem mit Calcium,; Magnesium und Vitamin D; TONIKUME; 250 ml; VEGAN",item_volume,250.0 millilitre
459516,"Salus; Salus; ALUS; CURCOMA BOAT; Darm-Care; CURCUMA BIOAKTIV; Fur Darmgesundheit, Verdauung; und Immunsystema); mit Calcium, Magnesium; und Vitamin D; sowie nativem Curcuma und; Curcuma-Spezialextrakt mit; optimierter Bioverfugbarkeit; VEGAN; TONIKUM; 250 ml",item_volume,250.0 millilitre
459516,"Jalus; Salus; ALUS; Darm-Care; CURCUMABIOAKTIN; Darm-Care; CURCUMA BIOAKTIV; Fur Darmgesundheit, Verdauung; und Immunsystema); mit Calcium, Magnesium; und Vitamin D; sowie nativem Curcuma und; Curcuma-Spezialextrakt mit; optimierter Bioverfugbarkeit; VEGAN; TONIKUM; 250 ml",item_volume,250.0 millilitre
459516,"Salus; Darm-Care; Darm-Care; CURCUMA BIOAKTIV; Fur Darmgesundheit,Verdauung; und Immunsystema); mit Calcium,Magnesium; und Vitamin D; sowie nativem Curcuma und; Curcuma-Spezialextrakt mit; optimierter Bioverfugbarkeit; TONIKUM; 250 ml; VEGAN",item_volume,250.0 millilitre
523149,20MM; weight:21.1G,item_weight,21.1 gram
881883,"WEIGHT COMPARISON; This 100% Blackout Curtain; Ordinary 100% Blackout Curtain; VS; Only 389.97g; 776.58g; With the same size,this curtain is much lighter than; ordinary 100% blackout curtain.; VOLUME COMPARISON; This; 100% Blackout Curtain; VS; Ordinary; 100% Blackout Curtain; With the same size,the volume of this curtain is much; smaller than that of ordinary 10o% blackout curtain.",item_weight,776.58 gram
442321,POWERFUL LOAD-BEARING CAPACITY; Triangular design provides greater stability.; 35KG; 1O0K(,item_weight,35.0 kilogram
748919,PAK; Morrisons; MARKET ST; CHOI; Enjoy for longer when kept in; the fridge.Wash before use; Display until; 200g; 5010251743781>; Wm MorrisonSupermrkets PLCGainLaneBrdfordBD37DLTel0345 6116111,item_weight,200 gram
308856,1.5kg; N1; INGREDIENT; POULET; PURINA; PROPLAN; 1+; ADULT; RENAL PLUS,item_weight,1.5 kilogram
204245,SEATSUPTO3; Three-seater design provides room to relax with friends; Weight Capacity; 240kg; Seats Up to 3,maximum_weight_recommendation,240 kilogram
558374,120Pieces; 0096; sweetzne; peacH; RINGS,item_weight,960 gram
529606,"4. PURE LAVENDER; 1.100% NATURAL; FRAGRANCEOILS7%; SOY WAX; Sourced from Nature; Relaxation; Healthy, Eco-friendly; 2. BEST PRINT QUALITY; 5. COTTON WICKS; Match perfectly with; Good for fragrance; anydecor theme; heat ratio & smooth melt; pool, no black smoke; 6. RECYCLABLE; Easily be cleaned; with water; 3.10 0Z; Longer burning time",item_weight,10 ounce
752266,"28"" - 72""; Adjustable Height; Listed; E12 Base; 60W Max; Multiple Stems; Included; LINEAO LIGHTING; 22""; 26""",wattage,60.0 watt
932012,"Inside Mounting.; Prepared; Tools:; Min.1.; Min >2; Surface Mounting.; Min.  1""; 3'>d>0'; Hangs up to; Screw Size; 50; #8; lbs; * The content of mounting kits; American Style; may vary from orders...",item_weight,50.0 pound
459516,"PEELSTICKFEEL; PEELSTICKFEEL; THE GOOD PATCH; EGOOD PATCH; 15; Premium; 15; Premium; Hemp; Hemp; MG; Extract; MG; Extract; Hot Flash; lot Flash; QTY.O4 PATCHES; Y.O4PATCHES; Is it hot in here?; hot in here?; This patch is complete with 15 mg Premium; ipatch is complete with 15 mg Premium; Hemp Extract,Black Cohosh and other key; np Extract, Black Cohosh and other key; ingredients.; 'edients.",item_volume,4.0 quart
459516,THE GOOD PATCHe; 15; MG; HOTA9; THE; O; COOD; eo; HOTA9; 3HT; COOD; HOTA9; 3HT; C; C; 3HT; COOD; MHOT; 3HT; COOD; TA9; COOD; 3H7; bAAAH.; 3H; C7; Hot Flash; ium; QTY.04 PATCHES; ere?; with 15 mg Prem; four patches; per pouch,item_volume,4.0 quart
459516,PLANT; POWERED; THE GOOD PATCH; 15; Premium; Hemp; MG Extract; LATEX; FREE; Hot Flash; VEGAN; QTY.04 PATCHES; Is it hot in here?; This patch is complete wit; Hemp ExtractBlack Coho; ingredients.; PARABEN; FREE; MADE IN; THE USA,item_volume,4.0 quart
701880,Size; 2.25; OOOO; OOOO; S OCTOBUDDY; 3.25; WEIGHT; 0.423; OUNCES,item_weight,0.423 ounce
529606,Cat; Booy; ChRIST; AMEN; %; Body; FChRIST; AmeN,item_weight,84200701.0 ounce
396159,40 in; 12 in; 9in; 0.14 lb; in; 5,item_weight,0.14 pound
237000,Please measure your couch; before purchasing; G; G; A; A; B; E; E; C; Left Chaise; Right Chaise; G3; G2; G1; H3; H2; H2; F3; F2; E3; E2; Sofa; Loveseat; Armchair,item_weight,3.0 gram
