group_id,text,entity_name,entity_value
375816,"food ess; Crema; FREDDA; CAFFE; PROFESSIONAL; SEXZA; CLUTINE; A; fooooees; con LATTE e PANNA; 100%italiani; 1,1kge",item_weight,1.1 kilogram
180410,"SPECIFICATIONS; Color; Gray,Black; Material; Plastic; Large Capacity; Hold About 500 Business Cards; Size; 9.36x4.68x2.92 inch; Weight; 335g; XYZ; UVW; PQ; 75mm/; Hamosky; 2.92 inch; C; B; NAME CARDBOX; 240mm/9.36inch; 120 mm/4.68 inch",item_weight,335.0 gram
449805,FLANNELFABRIC; COMFORTABLEANDSKINFRIENDLY; More warmth; Hollow cotton; 300g/ m? Filling; CLOUD 300,item_weight,300.0 gram
751532,MAS; 8 VECES; RESSTENTE; HASTA; DREAMZIE; 1000 KG; ACERO DE CALIDAD; SUPERIOR; 25MM; OTROS; <150 KG; ACERO; 10MM,item_weight,1000.0 kilogram
507619,Dimensioni del posatoio superiore:; 53 cm x 45 cm x 9 cm (L x P x A); Dimensioni del trespolo inferiore:; 50cm; 53 cm x 45 cm x 9 cm (L x P x A); 4.5cm; 17.5cm; 157cm; 37cm; 60cm; 16.5cm; 22; 49cm; 39cm; 18cm; 49cm; 39cm; 60cm; 16cm; 40cm; 59cm; Capacita di carico:.; 18cm; 15 kg / ripiano; 59cm,item_weight,15.0 kilogram
641642,PATRIOTIC; DECOR; LIGHTS;  1OO BRIGHT LED BULBS;   30V LOW VOLTAGE/6W; SUPER BRIGHT LED BULBS; THE WIRE COMPLY TO ETL; ENVIRONMENTAL MATERIAL,wattage,6.0 watt
641642,PATRIOTIC; DECOR; LIGHTS;  1OO BRIGHT LED BULBS;   30V LOW VOLTAGE/6W; SUPER BRIGHT LED BULBS; THE WIRE COMPLY TO ETL; ENVIRONMENTAL MATERIAL,voltage,30.0 volt
329793,9.5 cm/3.74 Inch; 13 cm/5.12 Inch; Blade Material:7Cr13Moy See; Handle Material: Alloy Plastic; BladeThickness:3 mm/0.12 Inch; Blade Surface: Metal Polishing; Net Weight: 90g; Quik Open:OTF Double Action,item_weight,90.0 gram
375816,"LAVA; TORINO,ITALI; LAVAZZA; LAVAzz; CREMA; LAVAz7; TORINO,ITALIA,1895; LAVAz1; TORINO,ITALIA,1895; EAROMA; TORINO,ITALIA,18; TORINO,ITALIA,18; CREMA; CREMA; EAROMA; EAROMA; CREMA; CREMA; EAROMA; CREAMY AND; AROMATIC; LAVAZZA; LAVAZZA; EAMY AND; TORINO,ITALIA,1895; Az; TORINO,ITALIA,1895; LAVAZZA; A; ITALIA,1; MA; TORINO,ITALIA,1895; CREMA; EAROMA; LAVAZ7; CREMA; LAVAZZE; FAROMA; TORINO,ITALIA,18; TORINO,ITALIA,1895; CREMA; EAROMA; LAVAZZA; CREMA; EAROMA; LAVAZZA; TORINO,ITALIA,1895; CREAMY ANE; AROMATIC; JETZT; LAVAz1; TORINO,ITALIA,1895; 8MEDIUMROA; OFFEE BEA; CREMA; TORINO,ITALIA,18; EAROMA; CREMA; EAROMA; 14x; CREMA; EAROMA; YAND; AROMATIC; 8; COFFEE BEANS; CREAMY AND; AROMATIC; 1000g; 8COFFEE BEANS; O; CREAMY AND; AROMATIC; (14 kg); OFFEE BEANS",item_weight,14.0 kilogram
375816,"LAUAZZA; LAVAZZA; ITALY'S FAVOURITE COFFEE; TORINO,1TALIA,1895; QUALITA; ROSSA; CREMA; EAROMA; CREAMY AND; AROMATIC; 8; COFFEE BEANS; MEDIUMROAST; COFFEE BEANS; ESOL; TALY'S FAVOURITE COFFEE; 7895; LAAAZZE; LAVAZZA; ESPRESSO; SUPER; ITALY'S FAVOURITE COFFEE; CREMA; Aromatico/Aromatic; Aromatigue; QUALITA; ORO; COFFEE BEANS; CAFE EN GRAINS; NETWT.221b; POIDSNET1000a; IOO% PREMIUM ARABICA; FEESOLO",item_weight,1000.0 gram
866516,37cm; 37cm; C; 6cm; 8cm; 8cm; 37cm*8cm*6cm; 37cm*8cm*6cm; Weight:80g; Weight:80g,item_weight,80.0 gram
273748,IASLAR; GUARDIAN OF GADGETS; 24CM; 10CM; 18CM; WEIGHT: 260g,item_weight,260 gram
993359,NOTRITIONAL; VALUE; PER100G; Mewar Impex; SERVING; 44.24G; CARBS; 17.81G; PROTEIN; 10.5G; Mewar Impex; ORGANIC KALONJI; FIBER; NIGELLA; Nigella Sativa; SEED; 375; CALORIES; 22.27G; FAT,item_weight,100 gram
933453,Dimensions; Age Group; Weight Capacity; O-7 Yrs; O-25 Kgs; 68.5cms; 55cms; 43cms,maximum_weight_recommendation,25 kilogram
933453,Rearward Facing; Age Group; O-2 Yrs; Weight Capacity; O-10 Kgs; Forward Facing; Age Group; 2to7Yrs; Weight Capacity; 10-25Kgs,maximum_weight_recommendation,10 kilogram to 25 kilogram
731432,MUSCLE; MUSCLE; ISCLE; ASYLUM; ASYLUM; SYLUM; MUSCLE; ASYLUM; BCAA; RECOVERY |FOCUS ENERGY; Blue Razz; NATURAL &ARTIFICIAL FLAVOUR; 50; VEG; NET Wt.300G; SERVINGS; DIETARY SUPPLEMENT,item_weight,300 gram
731432,MUSCLE; MUSCLE; ASYLUM; ASYLUM; 3G; BCAA; MUSCLE; ASYLUM; 2.25G; BCAA; NOOTROPICS; MATRIX; RECOVERY FOCUS ENERGY; OG; SUGAR; Blue Razz; 50; NETWE.300G; EL; DIETARY-SUPPLEMEN,item_weight,3 gram
731432,3; BCAA; OMUSEE; YLUM; MUSCLE; ASYLUM; BCAA; PROMOTES MUSCLE GROWTH; RECOVERY FOCUS ENERGY; & RECOVERY; Blue Razz; 50,item_weight,3 gram
731432,2.25; NOOTROPICS; MATRIX; OMUSELE; MUSCLE; ASYLUM; BCAA; MPROVISE FOCUS & OVERALL BRAIN; FUNCTION; RECOVERYFOCUS ENERGY; Blue Razz; 50,item_weight,2.25 gram
993359,"Packed by:; ka Turmeric Powder; (M) MS. UNIQUE FRAGRANCES; /eight:.; 200g; 395 Food Park Rai Industrial Area, Distt.; Sonepat, Haryana, Sonipat (Haryana)-131029; Lic. No.10014064000406; laka Spices are hygienically packed and; 3o rigorous laboratory tests to meet FsSAl food; norms.; (N) NANI AGRO FOODS PVT. LTD; SF No: 444/1-5, Pullapalli Medu; ients: Turmeric; Mukasipidariyur Village R.S. Road; Chennimalai, Erode (Tamil Nadu)-638051; opening the pack, transfer the contents to an; Lic.No.10012042000381; t container. Store in a cool, dry place.; For the applicable packaging entity and Lic; ustomer complaints &; No.refer to the first alphabet of the batch; back,please write to:; number and match it with the alphabet; pmer Support Desk; before the addresses mentioned above.; ZON RETAIL INDIA PVT.LTD; Floor World Trade Center,; Marketed by:; de Gateway Dr. Rajkumar Road; AMAZON RETAIL INDIA PVT. LTD.; galore-560055,; Block E 14th FloorUnit Nos.1401 to 1421; il: cs-aripl@amazon.com; International Trade Tower, Nehru Place; ne Number:1800212 1638; NewDelhi-110019; fssai; Lic.No.10018011005884; Packaging Material Mfg",item_weight,200 gram
993359,Nett. Wt.; 250g; Maximum RetailPrice ); 599/-; (Inclusive of all Taxes; Lot No.; Check Bottom; Packed on,item_weight,250 gram
267482,5OO GRAMS;  PACK; Comes in a Safe to Store; Sealed Bottle; AOS LIQUID; Net Weight:; 500 g; 68439-57-6; 0114056085; BRM,item_weight,500 gram
120569,Supplement Facts; CONTAINS:; Calcium; 8.0%; Phosphorus; 6.6%; Magnesium; 0.2%; Vitamin D3; 1200IU; VitaminB12; 20 mcg; Thiamine hydrochloride (Vit.B1)....; 3 mg/kg; Nicotinamide(Vit.B3); 21 mg/kg; VitaminC; 150mg; Excipients; Q.S.; Feeding Recommendations:; Upto 20kg body wt.-1 to2 tablets; More than 20kg body wt.-2 to4 tablets; or as recommended by the veterinarian.; BESTBEFORE 24 MONTHS FROM MFD,item_weight,20 kilogram
993359,ve Mixsd; 5.7 in; 14cm,item_weight,100 gram
529606,PRODUCT SIZE; Weight l3g +/-1g; 14mm; 37mm,item_weight,1 gram
639090,"75268918; A VOTRE ECOUTE SERVICE CONSOMMATEURS; A conserver au sec eta; KINDER 0 800 653 653 Service & appel gratuits; I'abri de la chaleur/; Chaque ceuf; ne peut etre vendu; 3 pieces x20 ge; A consommer de; preference avant fin:; separement; Confiserie recouverte de chocolat superieur au lait contenant une surprise dans une capsule plastique; Ingredients : chocolat superieur au LAIT 47% (sucre, LAIT en poudre, beurre de cacao, pate de cacao, emulsifiants :; Pour; Par piece %*Par; lecithines [SOJA]; vanilline), LAIT ecreme en poudre 17%, sucre, graisses vegetales (palme, karite), BEURRE; Valeurs nutritionnelles; 100g; 20g; piece; concentre, emulsifiants : lecithines [SOJA] ; vanilline. Sur le total : produits laitiers 32%, cacao 15%.Le chocolat; 2302/; 459/; Energie; utilise est un chocolat pur beurre de cacao.Distribue en France par Ferrero France Commerciale- Cs 90058-76136; kcal); 552; 10; Mont Saint Aignan Cedex.; Matieres grasses; (g); 34,2; 6,8; 10; dont acides gras satures; 22,6; 45; 23; Glucides; 10,5; dont sucres; 52.; 10,4; 12; Proteines; (g); 8,1; 1,6; Sel; 0,323; 0,065; *Apport de reference pour un adulte-type (8 400 k/2 000 kcal); 8 000500389188",item_weight,20.0 gram
630869,20.5cm; .5mm; IP black plating; 47mm; Stainless steel; High polished; High-quality PU material; Length:20.5cm; Weight:15.5g,item_weight,15.5 gram
630869,20.5cm; .5mm; IP black plating; 47mm; Stainless steel; High polished; High-quality PU material; Length:20.5cm; Weight:15.5g,depth,20.5 centimetre
630869,"18mm; (0.71""); 36mm/(1.42""); Material:Stainless steel. IP black plating. Silicone; Length:13-16.5cm/(5.1""-6.5""); Weight:23g",item_weight,23.0 gram
523149,"Pretty Thumb Ring, Pinky Ring.; You can Wear it on Any Finger; US 7#-12#; Net weight: 4.5g.; 316L Stainless Steel; Lasting Color Retention; 10.2mm; Thickness: 2.0mm; Diameter; 17.3; 18.1; 18.9; 19.8; 20.5; 21.4; (mm); US; 7; 8; 9; 10; 11; 12; UK; 0; Q; S; T1/2; V1/2; Y; DE/FR; 54.5; 57; 59.5; 62.5; 65; 67.5; ES; 14.5; 17; 19.75; 22.25; 25; 27.5; IT; 14.5; 17; 19.75; 22.25; 25; 27.5",item_weight,4.5 gram
955292,USB MHL TO HDM; SAMSUNG; FullHD; QUICKDISPATCH; 1080p; HD; FulfHD; 1080p; tech-bitz,wattage,1080.0 horsepower
308856,'SELECTED; NATURAL; R; PURINA; BETA; PUPPY [up to 1 year]; 14kg; TURKEY & LAMB; No.1 INGREDIENT,item_weight,14 kilogram
308856,SELECTED-; NATURAL; NEW; IMPROVED; RECIPE; HPURINA; TURKEYis; BETA; DUAL-SHAPE; CHEWING; PUPPY [up to 1 year]; WITH NATURAL; PREBIOTIC; NO ADDED ARTIFICIAL; J; colours; proven to help improve; J; flavours; DIGESTIVE HEALTH; J; preservatives; WITH TURKEY; &LAMB; THE UK; MADEIN; 14kg,item_weight,14 kilogram
299791,Weight:9g; Chain length: 45+5 cm; Natural shell material; 4; 5; cm; 2.3 cm,item_weight,9 gram
731432,RUMPED; STIME; CPUMP; RERFORM; PERFORMANCE& PUMP; 320G e; 20-40; STRAWBERRY; [SLUSH; SERVINGS; FOOD SUPPLEMENT,item_weight,320 gram
953031,HDR; H.265; HEVC; With the latest HDRi0+ technology and high speed 4K; processing up to 60fps playback.Bring you a lifelike; 6K; viewing experience.; Ultra HD; SDR; WiFi; 100M; 3D; 09:58; Ethernet; 2.4G/5.8G,item_weight,5.8 gram
953031,WIRELESSCONNECTION; 2.4G+5.8G Dual-Band Wi-Fi 802.11 AC/AX; Run Box without buffering strong signal..; Others Box; Magcubic Box; Wi-Fi 802.11 AC; Others WiFi; 300Mbps; Wi-Fi 802.11 AC; 867Mbps,item_weight,5.8 gram
737148,,item_weight,0.0 pound
237000,Please measure your couch; before purchasing; G; B; E; C; Left Chaise; Right Chaise; G3; G2; G1; H3; H2; H2; K3; F3; F2; F1; E3; E2; Sofa; Loveseat; Armchair,item_weight,2.0 gram
641642,22; POWER:MAX 750W; LED CONTROLLER; INPUT:AC110V; P,wattage,750.0 watt
641642,LED CONTROLLER; CE; 220V3CH; 1220; OUUTPT,wattage,750.0 watt
641642,LED CONTROLLER; CE; 220V3CH; 1220; OUUTPT,voltage,220.0 volt
589105,Weight: 125g; 21cm(8.3in); 12.5cm(5in); 5.5cm(2.2in); Compact Design; Lightweight & Portable; Easy to Carry,item_weight,125.0 gram
483370,56<5; Gawr; 1688; Gura; Gawr Gura; t58.<5; Gawr Gura; 1688; Gawr Gura,item_weight,1688.0 gram
969033,35cm/14in; 50cm/19in; up to 10kg,maximum_weight_recommendation,10 kilogram
639090,astel; MILK CHOCOLATE; FLAVORED,item_weight,470 gram
365637,?; TRADITIONAL; I; BUTTER COOKIES; mm; ll,item_weight,454 gram
601746,.HI; Piny; Fniy; Pny; Pint; TH; Piny; UN; Pnky; Pny; SOGE; Pny; Piny; BAD; AGE; BALG; 4+; Srar; PHicH; BALLS; Og-; PINKSBALL,item_weight,4.0 ounce
186035,HEUTRALS0; 12VDC 15Ah/20Hr; I-PED,voltage,0.5 volt
375816,CLUB PACK / FORMAT CLUB; Maxwell; House; BPI COMPOSTABLE; Maxwell; ZERO; WASTE; House; ZERO; DECHET; DOSETTES ETENVELOPPEUR; 100%COMPOSTABLE(S); PODS&WRAPPER; BOITE RECYCLABLE BOX; HOUSE BLEND IMELANGE MAISON; *FOR YOU/POUR VOUS; CAFE 10O % ARABICA COFFEE; 105; tcertified by /certifie par BPI; MEDIUM ROAST; D; OR; TORREFACTION MOYENNE; 1023 g; INDIVIDUALLY WRAPPED; SINGLE SERVE PODS; KEURIG 2.0COMPATIBLES; DOSETTES INDIVIDUELLES; COMPATIBLES AVEC KEURIG 2.OS; EMBALLEES INDIVIDUELLEMENT,item_weight,1023.0 gram
