group_id,text,entity_name,entity_value
529606,YANKEe CANDLe; YANKee CANDLe; YANKee CANDLe; YANKEe CANDLe; SUNNY DAYDREAM; 623; YANKee CANDLe; ROSEBERRY SORBETOS; HOMEMADE HERB LEMONADE; 411g; AFTERNOON ESCAPE; 623g; CAMELLIA BLOSSOM; 411g,item_weight,623 gram
993359,"READY; IN4/2; MINS; Morrisons; TAKEAWAY; VEGETABLE; MASALA; MEDIUM; IN A SPICED ONION, TOMATO; S50; AND COCONUT SAUCE; 350g e; A1/2 pack approx.166g micowaved) provides.; Use by; ENERGY; Saturates Sugar; V; 10.9g3g 8.4g 0.81g; 16%; 5%; 9%; 14%; VEGAN; Typical energy values per 100g: 410kJ/99kcal; Keep refrigerated",item_weight,350 gram
752266,Blivrig; 10W IP66,wattage,10.0 watt
844474,PORRASSO; Weight: 0.65kg; 14cm; A4; MIN; MAC; M; 888888888; 30cm; 12.9inch; 28cm; 14cm; 28cm; 21cm,item_weight,0.65 kilogram
179080,"HLAND; X0015V12UD; Bicycle; HAWK 14""; Black/Orange; GER005bo-14; 1 pcs/ctn; CTNSIZE81X18X43 CM; 9.3; KGS; N.W.:; 10.3; KGS; G.W.:; 14; HASVK; Black/orange; PO000335/202003; MADE IN CHINA",item_weight,10.3 kilogram
681445,The; IP; Language; owers; S8GOLEO; book that brings you; avorites flowers to life; DGL2; Bloom&Books; dis,item_weight,9361.0 ton
483370,80; 2.4GREMOTE CONTROL; APP REMOTE CONTROL; VOICE CONTROL; 100; OOOO,item_weight,2.4 gram
523149,"INEORMATION; Name; StainlessSteel; 8 mm; Weight: About2.1 g; Notice:Manual measurement,there may be a little tiny difference!",item_weight,2.1 gram
483370,209g; 23cm; 18cm; 16cm,item_weight,209.0 gram
916768,"YUEMA Metal Bread Bin; Material:; Metal; Color:; Blue; Size:; 13.9""9.1""5.7""; Weight:; 0.69kg; 14.5cm/5.7inch; THAZZION; M1AD; 23cm/9.1inch; 34.5cm/13.9inch",item_weight,0.69 kilogram
881883,LasyL; OTHERBRANDS; Pure string curtain; Beads personalized; monotonous; decoration; 200g; 200+ gram weight; 400g; 400+ gram weight; General drapability; Better drapability,item_weight,200.0 gram
731432,"NON; GLUTEN; USDA; GMO; Project; ORGANIC; VERIFIED; FREE; U; nongmoproject.org.; BETTER; BBF; BODY; FOODS'; ORGANIC; ENERGY; BLEND; GREEN COFFEE & MACA; NATURAL ENERGY; 4g FIBER;  5g PROTEIN;  SOY, GLUTEN & DAIRY FREE; BLEND ME!; NET WT12.7 OZ (36Og); SHAKEME!; BAKEME!",item_weight,360.0 gram
731432,"4; FIBER; BBE; ORGANIC; ENERGY; BLEND; N COFFEE & MACA; SOY,; Y, GLUTEN & DAIRY FREE; PROTEIN",item_weight,360.0 gram
731432,100%; DAILY VALUE; OFVITAMINS; B1); B2; B3; B6; GLUTEN; FREE; BBFBETTER; BODY; FOODS; ORGANIC; ENERGY; BLEND; GREEN COFFEE & MACA; NATURAL ENERGY; 4g FIBER; 5g PROTEIN; SOY GLUTEN &DAIRY FREE; NETWT 12.7 OZ360g),item_weight,360.0 gram
731432,"organc; NON-GMO; GLUTEN; FREE; U; gluten-free; BBFBETTER; BODY; FOODS; DAIRY-FREE; ORGANIC; ENERGY; BLEND; GREEN COFFEE & MACA; NATURAL ENERGY; 4gFIBER; 5g PROTEIN; SOY,GLUTEN &DAIRY FREE; 7 OZ(360g)",item_weight,360.0 gram
731432,"Nutrition Facts; 27 servings per container.; Serving size 1.5 Tbsp (13g).; Amount per serving; 40; Calories; % Daily Value*; Total Fat 0.5g; 1%; Saturated Fat Og; 0%; Trans Fat 0g; Cholesterol Omg; 0%; Sodium 40mg; 2%; Total Carbohydrate 6g; 2%; Dietary Fiber 4g; 14%; Total Sugars 1g; Includes Og Added Sugars.; 0%; Protein 5g; Vitamin D Omcg; 0%; Calcium 32mg; 2%; Iron 0.7mg; 4%; Potassium 78mg; 2%; Thiamin 1.2mg; 100%; Riboflavin 1.3mg; 100%; Niacin 16mg; 100%; Vitamin B, 1.7mg; 100%; * The % Daily Value (DV) tells you how much a nutrient in a; serving of food contributes to a daily diet. 2,000 calories a; day is used for general nutrition advice.; INGREDIENTS:ORGANIC PEA PROTEIN,; ORGANIC TAPIOCA FIBER, ORGANIC MACA; POWDER, ORGANIC GREEN COFFEE EXTRACT,; NATURAL FLAVOR, NIACIN, VITAMIN B6; RIBOFLAVIN (VITAMIN B2), THIAMIN (VITAMIN B1).",item_weight,5.0 gram
731432,"ENERGY BLEND; NON; GLUTEN; USDA; GMO; MAKEME; Project; BLENDME; BAKEME; ORGANIC; VERIFIED; FREE; U; nongmoproject.org; Smoothies; Cakes; Oatmeal; Shakes; Muffins; Sauces; Nutrition Facts; 27 servings per container; Step away from the energy drinks!Packed; Serving size 1.5 Tbsp 13g); with energizing organic ingredients you can; BBF; Amount per serving; actually pronounce,BetterBody Foods; 40; Calories; Energy Blend is the natural wayto get; %Daily Value*; through your day.First comes maca,the; Total Fat 0.5g; 1%; Saturated Fat 0g; 0%; superfood vitality secret of the ancient Inca.; Trans Fat 0g; You'll also score B vitamins and energizing; Cholesterol Omg; 0%; organic green coffee extract.Plus,feel; Sodium 40mg; 2%; Total Carbohydrate 6g; 2%; satisfied with vegan protein and 4g dietary; Dietary Fiber 4g; 14%; Life is better; fiber.Just mix it up in drinks or recipes for an; Total Sugars 1g; when you eat; anytime pick-me-up; Includes Og Added Sugars; 0%; better.; Protein 5g; Our company was; founded in 2007; Vitamin D Omcg; 0%; with a simple; 2%; Get an anytime pick-me-up with; Calcium 32mg; goal;make; Iron0.7mg; 4%; natural ingredients.; high-quality foods; BETTERFOR; Potassium 78mg; 2%; available to you; YOUR BODY; 100%; Thiamin 1.2mg; at a great value; Riboflavin 1.3mg; 100%; With that mission; 100%; Niacin 16mg; in mind,we have; Vitamin B1.7mg; 100%; traveled the world; B; Each serving contains 100%DV; to find the best; Vitamin B1,B2,B3 and B6.; The % Daily alue DV tells ou how much a nutrient in a; food, package it; VITAMIN B; sering of food contrbutes to a daiy diet 2,000 calries a; day is usd for geral trition avice.; using the highest; BOOST; standards, and; INGREDIENTS:ORGANIC PEA PROTEIN,; deliver it to you at; ORGANIC TAPIOCA FIBER,ORGANIC MACA; the best price!; You want the choicest ingredients in; POWDER,ORGANIC GREEN COFFEE EXTRACT,; NATURALFLAVORNIACINVITAMIN B6,; your diet-that's why our Energy Blend; RIBOFLAVN (VITMNB2)THAMN (VIAMIN; ONLY THE; is organic, non-GMO and gluten-free.; B1).; BEST; DISTRIBUTED BY:; BetterBody Foods; BETTER; Lindon,Utah 84042; FORRECIPESVISIT; www.betterbodyfoods.com; FOODS; CERTIFIED ORGANIC BY UDAF; www.betterbodyfoods.com; 857882008095; PRODUCT OFUSA; BRE; STORAGE INFORMATION:NO NEED TO; BAGENG36BBF01; PLACE.",item_weight,13.0 gram
523149,5A Cubic Zirconia; 0.39in(10mm); 0.4in; Ring weight:8g; Giving:Ring Adjusters; Size; Size; Size; Size; Size; 10; 8; 6; 16.5mm; 17.3mm; 18.2mm; 18.9mm; 19.8mm,item_weight,8.0 gram
276700,PWR; JUMP; JUMPING; PWRCORE12; LITHIUM; 5-MINUTE CHARGING,wattage,1800.0 watt
120219,WILD ORANGE; DLIGH; ZEROSUCAR; 0%; NERGY DRI; De; FLO2(473; LBUP; LBUD; BUD; LIGH; BUD; LIGH; BUD; LIGHI; BUD; LIGHT; 180MG CAFFE; EB; 180MG CAFFEN; UD; HERRONTSES; PaCOLOMBE; RONTES; VITA; COFFEE; GH; C.COLOMBI; VITA; COFFEE; C; COLD; BREW; VEDUSI; COC; OLD; ARLEY; Coconuy; REW; WATER; WEDUSI; Coconu; ORGAN; BARLEY; OLD; WATED; UNSWEETEN; ORGAN; 15; ROMCONCENR; BARLEYMA; ROMCONCENTRA,maximum_weight_recommendation,180.0 milligram
459516,HERBAMAMA; MACA; gummies; DIETARY SUPPLEMENT; 90; 1800 mg; gummies; per serving,item_weight,1800.0 milligram
459516,Amazing Benefits; of Maca Gummies; Supports Adrenal Wellness; HERBAMAMA; MACA; gummies; Helps to Fill The Gaps In Your Diet; 90; 1800 mg; CT; DIETARY SUPPLEMENT; per serving; ALL-NATURAL ENERGIZER; Stronger Immune Response,item_weight,1800.0 milligram
459516,Gummies; Maca; Contains no:; GMO; Sodium; Yeast; Preservatives; HERBAMAMA; Soy; MACA; gummies; 90; 1800 mg; CT; DIETARY SUPPLEMENT; per serving; ALL-NATURAL ENERGIZER,item_weight,1800.0 milligram
459516,Organic Maca Root; Vegan Gummies; HERBAMAMA; MACA; gummies; 1800 mg; per serving; DIETARY SUPPLEMENT; 90; ALL-NATURAL ENERGIZER,item_weight,1800.0 milligram
459516,HERBAMAMA; 100%; MONEY; BACK; HERBAMAMA; Guarantee; MACA; gummies; E IN; USA; 90; 1800 mg; CT; DIETARY SUPPLEMENT; MADE IN USA;  per serving; ALL-NATURAL ENERGIZER; IN; USA,item_weight,1800.0 milligram
523149,"0.87""(2.2cm); Stainless steel high polish; Weight:0.43 (oz ).",item_weight,0.43 ounce
529606,"19; 19; 19; 18; GOLD; GOLD; GOLD; GOLD; 989.9; 6'686; 989,9; 989.9; Erst 1, dann 2..",item_weight,1.0 gram
529606,"19; 19; 19; 19; GOLD; GOLD; GOLD; GOLD; 999.9; 989.9; 999.9; 999.9; dann 3, dann 4...",item_weight,1.0 gram
130591,22 cm; 8.75; N; 22cm; 8.75'; AMPING GEAR; Bestway; 2.03 m x1.52 m x22 cm; 80x60x8.75; Bestway,item_weight,661.0 pound
557758,PREPARATOPER BEVANDA AL; COOCCCCAO; PREPARATO PER BEVANDA AL; GUSSSSSSCO; CIOCCOLATO; CRASTAR; GUSTO CLASSICO; $1870; UKSTAOK; ngredients.son; CRASTAN; 1870; cpro.100m; S.SUTe; Beyrisse en poudre; smaltibili; nella plastica; erence avate.oreoddeaoite; eunonee; 10; CAPSULE PER; CAPSULE; 10CIOCCOLATE; COMPATIBIL; compatibili con macchine Dolce Gusto*; Dolce Gusto non e un marchio di proprieta di; Crastan S.p.A.ne di aziende ad essa collegate.,item_volume,100.0 millilitre
281678,ERBOLOGICA; Amazonas Andes; THE DEL NILO; lkg; Ingredienti:; Origine:; tare; CONFORAMENLEORDESINUIRICERCA98; Tenere in luogo asciutto al riparo dalla luce,item_weight,1.0 kilogram
459516,"step 1; step2; step3; Take 1 Bag of; Pour about 30ml; Add ice if you; Product, Pour It; of boiling water.; want and enjoy.; into a Cup",item_volume,30.0 millilitre
311997,"15,5; 25; cm; 15,5; cm; 60; cm; 15; cm; 25; 15,5; 25; cm; cm; cm; 15; cm; 30; cm; KG; 10; 75; MERLINO",item_weight,10.0 kilogram
411423,3; 15; 8; MINUTES; MAKES 8; STEPS; simply; PREP TIME; FAJITAS; Rich notes of.; smoked paprika & cumin; classic fajita; FOR; SIMMER SAUCE; BEEF OR; CHICKEN; USDA; ORGANIC; NETWT.; SERVING; 80Z(227g); SUGGESTION,item_weight,227.0 gram
589105,1.Reinforced carrying handle; 2.Zipper pull on design; easy andconvenient; 4.High quality waterproot; 3.Innovation socket design; fabric machine washable,item_weight,2.0 ton
630869,"18mm; (0.71""); 36mm/(1.42""); Material:Stainless steel Silicone; Length:13-16.5cm/(5.1""-6.5""); Weight:23g",item_weight,23.0 gram
107694,Suitable for 30 ~ 55lbs Kids; 4.3in; 4.7in; 6.8in; 2.7in; *; 27in; Max Circumference: 38in.; Min Circumference: 27in.,item_weight,55.0 pound
107694,quick unlock; requires pressing three keys; at the same timeto unlock; ve; Tthe user wit; saving funct; LE; years old; ct drowning.; Ipervision; bu; cyassist; 0-11; BACK; SOONT,item_weight,55.0 pound
299791,Chain Lengt; 60cm; 2.5mm; 2mm; 50mm; 14mm; weight:23g,item_weight,23.0 gram
426261,2pcs; 3pcs; 2pcs; 5cm/1.9in; 7.5cm/2.9in; 3cm/1.1in; 10g/0.35oz; 3.4cm/1.3in; 2pcs; 3pcs; 7.5cm/2.9in; 1pcs; 10g/0.35oz; 3cm/1.1in; 2.4cm/0.9in; 9.5g/0.33oz; 9cm/3.5in; 4.5g/0.16oz; 2pcs; PELine; 1pcs; COMBAT; 10cm/3.9in; 5.2cm/2in; 7g/0.24oz; 2pcs; 2.4cm/0.9in; 10g/0.35oZ; 2.3cm/0.9in; 5pcs; 45g/1.5oz,item_weight,0.35 ounce
426261,Portable carrer bag; 1.05kg 737oz; 7cm/2.7in; 44cm/17.3in; 23cm/9in,item_weight,1.05 kilogram
426261,8/270; 10/220; 126; LBSIYOS; 9; GEAR,item_weight,2.25 pound
881883,ENJOY; YOUR-LIFE; Le sac en papie; de krt brn Con; .100Eg; Nekxsapux; I peut ser,item_weight,180.0 gram
881883,ENJOY; YOUR LIFE; Le sac en pap; Ce sc etfabeigucapartirde; 0%naturd.kraft b;  e kr anCoc; Nekxtepas; pt svir pu,item_weight,180.0 gram
318770,"5RDMR CPS Setup; 2016/7/1510:31; 360RAR; 2,385K8; B5 Setup; 2014/11/268:31; 360ZIP; 2,932KB; BF9100_Setup; 2015/8/24 10:54; 360RAR; 1,753KB; BF350Setup; 2014/9/1317:02; 360ZIP; 1,212KB; BF-480; 2016/8/16 15:53; 360RAR; 2,590KB; BF480Plus_eng; 2015/8/1013:32; 360RAR; 2.268K8; 888S Software; BF9500SetupCHv1.0.6; 2016/9/30 15:37; 360ZIP; 507KB; 8F9500 Setup_EN V1.0; 2015/11/218:55; 360ZIP; 495K8; ABF-Q3; 2014/8/2917:25; 360ZIP; 642KB; PL2303USBPWIN7WI.; 2017/11/3015:51; 360ZIP; 4,027KB; USB Driver; UV_66CPS; 2017/11/1711:20; 360ZIP; 2,543KB; UV-3RSetupv1.11; 2013/8/1513:59; 360ZIP; 895KB; 5R 8W Software; UV5REN3; 2015/7/2915:51; 360RAR; 2.546KB; 1UV5R ENG; 2015/8/1012:20; 360RAR; 2,544KB; UV5RW64_CH-VIP; 2016/3/119:20; 360RAR; 2,542k5RSeries Software; EUV6R_Setup_CH_V1.10; 2015/4/911:37; 360RAR; 1,755K8; EUV6R Setup_EN_V1.10; 2015/4/911:37; 360RAR; 1,756KB; UV6UV7_CPS; 2016/6/88:17; 360RAR; 2,547KB; EHUV8_VIP CPS; 2016/6/116:32; 360ZIP; 2,475KB; EAUV82_CPS; 2013/6/1817:33; 360CAB; 2,486KB; 82Series; EV12; 2017/12/410:06; 360ZIP; 2,303KB; Software; V85Setupv1.09; 2016/6/2011:03; 360ZIP; 977KB; Wp970-EN Setup; 2015/8/1514:26; 360RAR; 1,125KB; WP970-CHSetup; 2014/4/1716:58; 360ZIP; 1,211 K8; WP970ICHCPS; 2015/9/29:51; 360RAR; 2,547KB",wattage,8.0 watt
397856,Jarrow; Value; FORMULAS; Size; Most Active Form of Vitamin K; MK-7; Supports Bone and; 90MCG; Cardiovascular Health; 90 SOFTGELS; DIETARY; SUPPLEMENT,item_weight,90.0 microgram
397856,"S U P P LEME N T; F A cTS; Serving Size 1 Softgel; Amount Per Serving; Vitamin K2; 90 mcg t; (as Natural MK-7 [Menaquinone-7]; + Daily Value (DV) not established.; gelatin, glycerin, purified water, organic caramel [as a light barrier]) and; olive oil.; 90; MICROGRAMS; Take 1 softgel per day or; as directed by your; 90; qualified healthcare; professional.; SOFTGELS",item_weight,90.0 microgram
397856,"MK-7; Supports Bone &.; Cardiovascular; Health*; MK-7 is the most active form.; of Vitamin K2, and is much.; Jarrow; better absorbed than K1; Value; Size; FORMULAS; from spinach.*.; Most Active Form of Vitamin K2; MK-7; Supports Bone and; 90MCG; Cardiovascular Health*; 90SOFTGELS; DIETARY; SUPPLEMENT; *These statements have not been evaluated by the Food and Drug Administration. This product is not intended to diagnose, treat, cure or prevent any disease",item_weight,90.0 microgram
375816,r; enseo; TYP; UTZJ; 12345678910; BIOLOGISCH ABBAUBARE*; 16; COMPOSTABLE*PADS,item_weight,16.0 kilogram
281678,"Lemon Flavou; ed Tea; Name of the Product; 14.1.4.3; 10gx20N=200g; Net Quantity; MRP; 100.00; Incl. of all taxes; Month &Year; d By; of Manufacture;  Global Limited; Vittal Mallya Road; Lot No.; loe560001Kkndia; fssai; BEST BEFORE SIX MONTHS FROM; NO.1001704301822; MANUFACTURE; onmer ComplaintsContact:; umer Care Executive; Ingredients:;  Day Beverages; Sugar.Instant TeaPermitted Flavours; flor.Coffee Day Square; Acidity Regulator [INS 330.INS 296]; aMallya RoadBangalore 560 001; CONTAINS ADDED NATURE; a. ndia.(or; IDENTICAL FLAVOURS; .bl:5227; ore 560001KarnatakaIndia; Nutritional Information; Free180042516666; eeagesldcoffeeday.com; (Approximate values per 100 g); Energy 385.2 kcal, Total Fat 0 g; ecton For Use:; Carbohydrates 96.25 g,; 1.; ote; Sugar 96 g.Protein Traces.; -; DOES NOT INCLUDE VALUES OF ADDED; Cut open sachet; Dispense hot wate; from the Coffee Da; MILK AND SUGAR; into a cup; vending machine; To be used exclusively with Coffee Day; Beverages vending machines only.; Your tangy; Stir untile; lemon flavoured; dissolved; tea is ready; Store in a cool dry and hygienic place",item_weight,10 gram
