group_id,text,entity_name,entity_value
275506,D; Conduction osseuse; Memoire32G; 12heures; IP68etanche; Dans l'oreille; Bluetooth 5.3,item_weight,32.0 gram
275506,"Relxhome ecouteurs a; other; conduction osseuse autre; Conduction osseuse; Conduction aerienne; Memoire 32G; Memoire 8G; Bluetooth5.3; Bluetooth 5.0; 12 heures d'utilisation; 8 heures d'utilisation; IP68 etanche,; Non etanche,; support de natation; pas de support de natation",item_weight,32.0 gram
810266,"Weight: 13.5oz; Capacity: 14oz/420ml; 3.78'; Gorgous; 4.8""; .83",item_weight,13.5 ounce
932012,"It is never too late to fall in lo; Love's tongue is in the eyes; SAN; ARA; TCS; the first time, my world blosso; these have been kissed away; WI; My,; notm; Sleep le.",item_weight,7.0 ounce
523149,18mm; 25mm; Total Weight ~15.9g; Real S999 Sterling Silver Ring,item_weight,15.9 gram
299791,fashionJewelry; 6cm; 2.5cm; 3.5cm; 3.8cm; 4.6cm; Material:Alloy+Dripping oil+Natural stone; Weight:35.3g,item_weight,35.3 gram
308856,"drools; Well fed. Well bred.; NTRODUCINGSS; OPTIMUM PERFORMANCE; FOR ADULT; Optimum ratio of protein and energy; Contains high quality proteins,vitamins and minerals.; Easily digestible.; BIOPLEX; MYCOSORB; Yea-Sacc,; VENRICHED WITH; Net wt.10 Kg",item_weight,10 kilogram
308856,"WW; droo's; F 1299 ONLY; Well fed. Well bred.; INTRODUCING>>; OPTIMUMPERFORMANCE; FOR ADULT; Optimum ratio of protein and energy.; Contains high quality proteins, vitamins and minerals.; Easily digestible.; BIOPLEXMYCOSORB; Yea-Sacc; ENRICHED WITH; Net wt.10 Kg",item_weight,10 kilogram
993359,"Variety; Cumin; Item Form; more; Powders, Seeds; CHOICE; Net Quantity; 200.0 Gram; Diet Type; Vegetarian",item_weight,200 gram
731432,For Better Results We Recommend Minimum 90 Day's Usage; i.e. 3 Packs Each of BRESTONE Cream & Capsule; Hassnar's; BRESTO; BRES; CARE CAPS; BRESTONE; BODY CAR; BODY CARE CAPSULE; For; BRE; Feminine; x; Beauty.; BODY MA; BRE; 90 Capsules; Hassnar's; BODY M; BRESTONE; BODY MASSAGE CREAM; 100 gm,item_weight,100 gram
639090,"Mon Cheri Cherry Liqueur Chocolates Box 315g; Chocolates; Ingredients: Semi-dark chocolate 49% (sugar, cocoa mass, cocoa butter, emulsifier; lecithin (S0Y), vanillin), sugar, cherry (18%), liqueur 13% (glucose syrup, water, alcohol; sugar, flavourings), cocoa butter. May contain MILK COMPONENTS.; Nutrition per 100g; Energy(kl/kcal); 1902/455; Best before: see print; Fat; 20.3g; Content (net):315g; 13.2g; of which saturates; Store at a dry place and protected from heat.; 52.8g; Carbohydrates; of which sugar; 48.3q; Protein; 3g; Salt; 0g; DFB Delicious Food & Beverages Ltd, 71-75 Shelton Street, London, WC2H 9J0",item_weight,315.0 gram
299791,Product parameters; Photo; Custom name 1; Custom name 2; Est.02.05.2022; Custom date; 50.5 mm; Custom text; 29 mm; Weight: Approx. 22g; Length: 58+5 cm; Collection: Necklace; Material: Stainless Steel; Note:Product dimensions are manually measured and may have marginal errors,item_weight,22.0 gram
965518,ProCORE18V,voltage,18.0 volt
523149,Safty; Hypoallergenic; Net Weight: 4g 7Piece; No Fade; Durable; 7mm; Solid; Comfortable; (0.28inch); OF; Thickness:1.7mm; 26.54mm; (1.04in); S; 18K Gold Plated; Ours:; Smooth Surface; No Jagged; No Fading; Others:; Rough.Surface; Severe.Jagged; Rust-and-Fade,item_weight,4.0 gram
449021,VEMUM; 80z; VENUM,item_weight,8.0 ounce
271537,,voltage,240.0 volt
271537,The flow rate is about; 12 Titers/minute; 12V,voltage,12.0 volt
271537,DC; 12V; 15cm /5.9inch; 3.8cm/1.5inch,voltage,12.0 volt
459516,BELLE; &B10; Plus de 15 ans; Fabriques en France; d'experience; dans le Sud Ouest; Demarche sourcing; Proximite & Perennite :; de qualite :; Audits reguliers aupres; Labellise PHYtOLIA; de nos fournisseurs; &BI; MASRATANT; GORMMANE; HADRATING; PURUFYING; oge/Face; SOURRACHE; BASTILLES RELAXATION; ORGENSC RELAXATION; BORAGE; 50ml; 50ml; 1.69 fl.oz; 1.69 fl.oz,item_volume,1.69 fluid ounce
373285,Naked.; STRAWBERRY; 120; CALORIES; BANANA; 002; PER8FLOZ; SERVING; BLEND OF 4 JUICES PARTIALLY FROM CONCENTRATE; NO; WITH OTHER NATURAL FLAVORSE; NON; SUGAR; GMO; ADDED; 64 FL OZ (2 QT) 1.89L; VERIFIED,item_volume,64.0 fluid ounce
373285,"100% JUICE; INGREDIENTS:STRAWBERRY PUREE.APPLE; JUICE FROM CONCENTRATE (WATER,APPL; Nutrition Facts; JUICE CONCENTRATE).BANANA PUREE; ORANGE JUICENATURAL FLAVORS.; 8 servings per bottle; Rainforest Alliae ertifiedm; Serving size 8 fl oz (240mL); THE; Goodness; Amount Per Serving; OMOUTSIDET; Calories 120; % Daily Value; Total Fat Og; 0%; Saturated Fat 0g; 0%; Trans Fat Og; Cholesterol Omg; 0%; NO SUGAR ADDED*; Sodium 5mg; 0%; nutritionpanelforinformation; Total Carb. 30g; 11%; Dietary Fiber Og; 0%; Total Sugars 23g; Goodness; %0 subng pappy bo pee; Protein 1g; INSIDEO; NO PRESERVATIVESADDED; Vitamin D Omcg; 0%; GLUTENFREEVEGAN; Calcium 20mg; 2%; JUICES FROM..; Iron 0.4mg; 2%; Potassium 460mg; 10%; Vitamin C 18mg; 20%; pdes; *The % Daily Value DV) tells you; bananas; a hint of; general nutrition advice; ALL SUGARS COME FROM THE FRUIT; orange; AND/ORVEGETABLES; per bottle; DIST.BY:NAKEDJUICE CO.; 2019 NAKEDJUICE CO.; RESE ME-HI 5C DEP; CALL (877)858-4237; ENTS; nakedjuice.com; SHAKE WELL!; 8259219464",item_volume,8.0 fluid ounce
373285,"100% JUICE; INGREDIENTS: STRAWBERRY PUREE. APPLE; JUICE FROM CONCENTRATE (WATER, APPLE; Nutrition Facts; JUICE CONCENTRATE), BANANA PUREE,; ORANGE JUICE, NATURAL FLAVORS; 8 servings per bottle; tRainforest Alliance CertifiedTM; Serving size 8 fl oz (240mL); Amount Per Serving; s 120; Calories; % Daily Value*; Total Fat Og; 0%; Saturated Fat Og; 0%; Trans Fat Og; Cholesterol Omg; 0%; Sodium 5mg; 0%; Total Carb. 30g; 11%; Dietary Fiber Og; 0%; Total Sugars 23g; Incl. Og Added Sugars 0%; Protein 1g; Vitamin D Omcg; 0%; Calcium 20mg; 2%; Iron 0.4mg; 2%; Potassium 460mg; 10%; Vitamin C 18mg; 20%; *The % Daily Value (DV) tells you; how much a nutrient in a serving; of food contributes to a daily diet.; 2,000 calories a day is used for; general nutrition advice.; ALL SUGARS COME FROM THE FRUIT; AND/OR VEGETABLES.",item_volume,8.0 fluid ounce
881883,a hous; h hov; OneIsa; him; wh; sole; wim; Soft Airy Breathable,item_weight,13.0 ton
648011,PHILIPS; hue; White; E27; 1100; PHILIPS; hue; white; 1100; ORKS WITH; alexa; Ok Google; PHILIPS; hue; 220-240V-50/60Hz; white; F; 1100,voltage,"[220.0, 240.0] volt"
211213,SSS; GRILLFUNCTION; 1000 W barbecue for crispy grilled dishes,wattage,1000.0 watt
211213,"SS; MULTIFUNCTIONAL; 800 W microwave; for heating, cooking; and grilling",wattage,800.0 watt
523149,S925; 7mm; about:4.4q,item_weight,4.4 gram
630390,PLANT-BASEDVEGAN; HIGHPERFORMANCE; 18g; PROTEIN; 4g; BCAAS; MCTS; PER25gSERVING; PER25gSERVING; BRAIN; KETO; FRIENDLY; SUNWARRIOR; PROTEN; WARRIOR; BLEND; USDA; POWDERED DRINK MIX WITH SWEETENER; ORGANIC; US-ORG-006; VanillaFLAVOURED; non-EU Agriculture; Net Weight750 g,item_weight,750 gram
630390,E-E-E; PLANT-BASEDIVEGAN; HIGH PERFORMANCE; 18g; 4g; BCAAs; MCTS; PROTEIN; PER 25g SERVING; BRAIN; PER25gSERVING; KETO; FRIENDLY; SUNWARRIOR; PROTEIN; WARRIOR; BLEND; POWDERED DRINK MIX WITH SWEETENER; USDA; ORGANIC; VanillaFAVOURED; US-ORG-006; non-EU Agriculture; Net Weight750g,item_weight,750 gram
375816,"KEURIG; GENUINE K-CUPPODS; KEDIUMROAST; :EURIG; GENUINE K-CUPPODS; STARBUCKSOE; MEDIUM ROAST; COFFEE WITH; 2XCAFFEINE; 10; R?; E:; PE; *NO; NATURALLY; FOUND; R; CT; 10; RECYCLABLE; GROUND COFFEE WITH COFFEE EXTRACTS; K-CUPOPODS; 10-0.430Z (12.3 g)/EA NET WT4.3 0Z(123 g; 0; PEEL,EMPTY,RECYCLE.; *NOT RECYCLED IN ALL COMMUNITIES.",item_weight,123.0 gram
375816,"YUM ROAST; RAC; :EURIG; GENUINEK-CUPPODS; STARBUCKSO; MEDIUM ROAST; COFFEE WITH; 2XCAFFEINE; ED; NATURALLY; FOUND; ICTS; 10; RECYCLABLE; GROUND COFFEE WITH COFFEE EXTRACTS; K-CUPoPODS; 10-0.43 0Z(12.3 g)/EA NET WT 4.3 0Z(123 g; 0; PEEl, EmpTY, RECYCLE.; *NOT RECYCLED IN ALL COMMUNITIES.",item_weight,123.0 gram
375816,"KEURIG; GENUINEK-CUPPODS; STARBUCKSe; MEDIUM ROAST; COFFEE WITH; 2XCAFFEINE; ED:; NATURALLYE; FOUND; C; GROUND COFFEE WITH COFFEE EXTRACTS; 0; 10; RECYCLABLE; 10- 0.43 0Z(12.3 g)/EA NETWT4.3 0Z(123 g; K-CUPPODS; PEEL, EmpTY, RECYCLE.; *NOT RECYCLED IN ALL COMMUNITIES.",item_weight,123.0 gram
375816,KEURIG; GENUINEK-CUPPODS; STARBUCKSe; MEDIUM ROAST; COFFEE WITH; 2XCAFFEINE; NATURALLY; FOUND; N; C; 10; RECYCLABLE; K-CUPOPODS; GROUND COFFEE WITH COFFEE EXTRACTS; PEELEMPTYRECYCLE.; *NOT RECYCLED IN ALL COMMUNITIES.; 10-0.43 0Z (12.3 g)/EA NETWT 4.3 0Z(123 g; U,item_weight,123.0 gram
375816,"KEURIG; GENUINE K-CUPPODS; THE; STARBUCKS; ROAST; R; STARBUCKS; MEDIUM ROAST; COFFEE WITH; ED; 2X CAFFEINE; NATURALLY; FOUND; GROUND COFFEE; WITH COFFEE EXTRACTS; 10; RECYCLABLE*; 10-0.430Z(12.3 g)/EA; K-CUPOPODS; NET WT 4.3 OZ(123 g); U; PEEL, EMPTY, RECYCLE.; *NOT RECYCLED IN ALL COMMUNITIES.",item_weight,123.0 gram
375816,"It's easy to brew the perfect cup.; GET MORE FROM A GREAT CUP; OF STARBUCKSOCOFFEE;  Use 8-oz setting on your brewer.; The rich, flavorful taste you love comes with twice the; BREW; Press the Brew button.; caffeine of coffee in a traditional Starbucks K-Cup; pod. We've combined our House Blend with coffee; extracts, a source of caffeine naturally found in coffee;  Add milk or sugar, or enjoy as is..; beans, to give you an extra boost to take on the day.; Store unused pods at room temperature; Committed to 100%; Ethical Coffee Sourcing; STARBUCKSO; in partnership with; REWARDS; CONSERVATION; Let us treat you-; INTERNATIONAL; join Starbucks@ Rewards today:; starbucks.com/morestars; starbucks.com/social-impact; ACAUTION:PODISHOT.ALLOW TO COOL AFTERUSE.; Only Genuine K-CupPods are; :EURIG; optimally designed by Keurig; PEEL; EMPTY; RECYCLE; GENUINEK-CUPPODS; for your Keurig coffee maker; Starting at puncture,; Compost or dispose; Checklocally* to; to deliver the perfect beverage in every cup.; peel lid and dispose.; of grounds.(Filter canremain.); recycle empty cup.; *Not recycled in all communities.; Visit Keurig.com/recyclable to learn more.",item_weight,8.0 ounce
375816,KEURIG; GENUINEK-CUPPODS; STARBUCKSO; MEDIUM ROAST; 3.73 in; COFFEE WITH; 2XCAFFEINE; NATURALLY; FOUND; R; 10; RECYCLABLE*; GROUND COFFEE WITH COFFEE EXTRACTS; K-CUPOPODS; 10-0.430Z(12.3g/EA NETWT4.30Z(123g); NFREERECLUNTIES.,item_weight,123.0 gram
750220,Nutritious; Gourmet Healthy; Rich; Nutritious; TEAR HERET; Rich; Gourmet; Rich; tritious; etNutritiol; Nutritious; Rich; AFGHANI ANJEER; Nutritious; Gourmet; Gourmet; Health; lich; R; Nutri; net; PACKOF5; Happilo; ourmet; Health; urmet; Nutriti; Gourmet; ich; aourmet; Healal; Rich; Zero; Cholesterol; Premium Dried; Afghani Anjeer; ISFACTIOS; 200G; Super Tasty; Origin:Afghan,item_weight,200 gram
299791,"Product Details; Total Circumference:28""; Circumference around 3 turns:9.5""; Circumference around 4 turns:7""; 6mm; 108pcs; .57""-1.97; Net Weight:56g",item_weight,56 gram
489118,Santa; na; T; 320g; 320g; Ingredientes; de Grar Calidad,item_weight,320.0 gram
489118,"Santa Ana es una ; www.pepsico.e; IR'; 30g; 30g**; 100g; 662kJ; 8%; Valor energetico; 2206 kJ; 159 kcal; 529 kcal; 14%; 10,0g; Grasas; 33,2g; 7%; delas cuales saturadas; 4,5g; Hidratos de carbono; 49,0g; 14,7g; de los cuales azucares; 0,5g; 02g; <1%; Fibraalimentaria; 5,1g; 1,5g; Proteinas; 6,1g; 1,8g; Sal; 1,3g; 0,4g; 6%; *IR=Ingesta de Referencia de un adulto medio 8400 kJ/2000; kcal. Las necesidades individuales puedenvariar dependiendo de; ejercicio fisico y otros factores; *30g=porcion media.Esta bolsa contiene 10-11 porciones; Peso neto; 320",item_weight,320.0 gram
844474,1.Name:School Backpack; 2.Szie:44Hx30Lx14Wcm; 17.2x11.7x5.5 inch; 3.Gender:Students/Kids; 17.2 inches; 4.Material:600D Polyester; IMAGE; 5.Weight:0.88lb; 6.There is a night reflective device; 11.7 inches; 5.5inches,item_weight,0.88 pound
563130,Please Take Off the Case; Before Charging; Can't Charge with Case On; WED28,item_weight,8.0 gram
179080,Ciclo 1000veces; Desmontable 35-70KM; 4-5Horas El ahorro de energia; Bateria de 36V-8AH,voltage,36.0 volt
459516,The Intelligent; HEALTH; The Science of Life; PREMIUM QUALITY; ORGANIC; TURMERIC; 1440mg; CURCUMIN; with Organic Black Pepper; & Organic Ginger; 20 YEARS OF RESEARCH; 180VEGAN CAPSULES; FOOD SUPPLEMENT,item_weight,1440 milligram
299791,Clasp: Spring Ring; Chain Length:46cm; Weight of Pendant: 1.60g; Weight of Chain: 1.40g; Metal: Sterling Silver; Finish: Polished; Style: Plain; Width: Chain 1.1mm; cm; mm,item_weight,1.6 gram
281678,ME4OTPO3AE; e(51); MACI; TOHNKA; BEARBERRY; Helas wtammati; BEARBERR,item_weight,1.2 gram
866516,1.8cm; weight14g; SUPER; POWERED; 6.5cm; 10.5cm,item_weight,14.0 gram
916768,Weight; 590 g; 182; cM; LEAX-PROOF; Microwavesafe; Dishwasher safe.; Leakproof; without lid and cutlery,item_weight,590.0 gram
442321,INDUSTRIAL; GRADE LOAD CAPACITY; Refuse the Instability in Gaming.; 1mm SteeFrame; Triangular Structural & Dual-Frame; 100 KG Load Capacity; Leveling Feet; Floor Compatibility,item_weight,100.0 kilogram
589105,UP TO 50% SPACE SAVEING IN LUGGGE,item_weight,50.0 ton
