group_id,text,entity_name,entity_value
752266,10 cm; E27; MAX 60W; (BULB NOT INCLUDED); Chain adjustable;  cm; Specification; Color:; Black; Glass Type:; Water ripple glass; 30 cm; Housing Material:; Aluminum; Voltage:; 110-240V; Maximum Wattage:; 60W; Bulb Base:; E27; Note:; Bulb are not included; 19 cm,wattage,60.0 watt
746096,"Product Information Sheet.; COMMISSION DELEGATED REGULATION (EU) 2019/2013 with regard to energy labelling of; electronic displays; Parameter; Parameter or value and.; Unit;  precision; Supplier's name or trademark..;  SONY; Supplier's address.; Sony - Public contact, Da; Vincilaan 7-D1, B-1935 Za-; ventem, BE; 2.;  Model identifier;  SDM-F27M30; 3.; Energy Efficiency Class for Standard Dynamic Range; T; (SDR); 4.; On mode power demand in SDR; 21,6; w; 5.;  Energy Efficiency Class for High Dynamic Range; G; (HDR); 6.; On mode power demand in HDR, if implemented; 31,1; W; 7.; Off mode, power demand, if applicable.; 0,3; w; 8.; Standby mode power demand, if applicable; 0,5; w; 9.; Networked standby mode power demand, if applic-; n.a.; w; able; 10.;  Electronic display category; Monitor; 11.;  Size ratio; 16; 9; 12.; Screen resolution; 1 920; 1 080; pixels; 13.; Screen diagonal; 68,6; cm; 14.; Screen diagonal; 27; inches; 15.; Visible screen area; 20,1; dm2; 16.;  Panel technology used; LED LCD; 17.;  Automatic Brightness Control (ABC) available; No; 18.;  Voice recognition sensor available; No; 19.;  Room presence sensor available; No; 20.;  Image refresh frequency rate (default); 60; Hz; 21.;  Minimum guaranteed availability of software and;  Years; firmware updates (from the date of end of the; placement on the market); 22.;  Minimum guaranteed availability of spare parts; Years; 7; (from the date of end of the placement on the mar-; ket); 23.; Minimum guaranteed product support.;  Years;  Minimum duration of the general guarantee offered; Years; by the supplier; 24.;  Power supply type;  External; 25.; External power supply (non standardized and included in the product box); i;  ACDP-120D01 T; ii;  Input voltage; 240v; iii;  Output voltage; 19,5|v; 26.;  External standardised power supply (or suitable one if not included in the product box); Required output voltage; V; ii;  iii;  Required delivered current (minimum); A; iv;  Required current frequency; -Hz",wattage,21.6 watt
746096,"Product Information Sheet.; COMMISSION DELEGATED REGULATION (EU) 2019/2013 with regard to energy labelling of; electronic displays; Parameter; Parameter or value and.; Unit;  precision; Supplier's name or trademark..;  SONY; Supplier's address.; Sony - Public contact, Da; Vincilaan 7-D1, B-1935 Za-; ventem, BE; 2.;  Model identifier;  SDM-F27M30; 3.; Energy Efficiency Class for Standard Dynamic Range; T; (SDR); 4.; On mode power demand in SDR; 21,6; w; 5.;  Energy Efficiency Class for High Dynamic Range; G; (HDR); 6.; On mode power demand in HDR, if implemented; 31,1; W; 7.; Off mode, power demand, if applicable.; 0,3; w; 8.; Standby mode power demand, if applicable; 0,5; w; 9.; Networked standby mode power demand, if applic-; n.a.; w; able; 10.;  Electronic display category; Monitor; 11.;  Size ratio; 16; 9; 12.; Screen resolution; 1 920; 1 080; pixels; 13.; Screen diagonal; 68,6; cm; 14.; Screen diagonal; 27; inches; 15.; Visible screen area; 20,1; dm2; 16.;  Panel technology used; LED LCD; 17.;  Automatic Brightness Control (ABC) available; No; 18.;  Voice recognition sensor available; No; 19.;  Room presence sensor available; No; 20.;  Image refresh frequency rate (default); 60; Hz; 21.;  Minimum guaranteed availability of software and;  Years; firmware updates (from the date of end of the; placement on the market); 22.;  Minimum guaranteed availability of spare parts; Years; 7; (from the date of end of the placement on the mar-; ket); 23.; Minimum guaranteed product support.;  Years;  Minimum duration of the general guarantee offered; Years; by the supplier; 24.;  Power supply type;  External; 25.; External power supply (non standardized and included in the product box); i;  ACDP-120D01 T; ii;  Input voltage; 240v; iii;  Output voltage; 19,5|v; 26.;  External standardised power supply (or suitable one if not included in the product box); Required output voltage; V; ii;  iii;  Required delivered current (minimum); A; iv;  Required current frequency; -Hz",voltage,240.0 volt
749917,"ITEM NAME:; Takedown Recurve Bow; BRAND:; TOPARCHERY; BOW WEIGHT:; 1300g; BOW LENGHT:; 60""; STRING LENGHT:; 57""; BRACE HEIGHT:; 7-8""; DRAW WEIGHT:; 30lbs-50lbs; BOW RISER:; 15""; BOW RISER MATERIL:; Technology wood",item_weight,1300.0 gram
271537,"Jebaoo; E204083; Submersible Pumpe; UL; PP-377; US; 120V0.082A60Hz; ac; IMPEDANCE PROTECTED; Acceptable For Indoor And Outdoor Use; LISTED; 63VF; 1.To reduce the risk of electric shock, connect only to a; properly grounded, grounding type receptacle; 2.To reduce the risk of electric shock, Install Only On A; Circuit Protected By A Ground-Fault Circuit-Intemupter(GFCI; 3.Risk of electric shock-This pump has not been investigated; for use in swimming pool or marine areas.; This Pump Has Been Evaluated for Use With Water Only.; Jebao Electrical Appliances Co.,Ltd.; Website:www.jebao.com; E-mail: info@jebao.com",voltage,120.0 volt
529606,"NEW; FAST FRAGRANCE; NOUVEAU; PARFUM RAPIDE; YANKee CANDLe; WAX MELTIFONDANT DE CIRE; BORA BORA SHORESPLAGE DEBORA-BORA; C; YANKEE CANDLE COMPANY(EUROPE)L; #1630640E WM-SGLBR BR SNSTYCE; POPLARWAY EAST,CABOT PARK,AVONM; BRISTOLBS11OYHUNITEDKINGDOM; YANKEE CANDLE S.R.O.PRUMYSLOVA; 038581""114026; ZONA JOSEPH HAVRAN U MOSTU,; 22 g; MADE INVIETNAM; 43501,CZECH REPUBLIC; WYPRODUKOWANO WWIETNAMIE; 0080086588466WWW.YANKEECANDLE.CO.UK",item_weight,22.0 gram
529606,Warmers sold separately; Bruleurs vendus separement; FART-EMGRANCE; YANKee CANDLe; WAX MELT | FONDAnT DE CIRE; 22 g|wP,item_weight,22.0 gram
529606,FARTURARANEE; YANKee CANDLe; WAX MELT | FONDANT DE CIRE; BORA BORA SHORES |PLAGE DE BORA-BOR; YANKee CANDLE; NDLe; VD; YAN; WA; PARTERAGRANEE; YANKee CANDLe; EXOTIC AC; TDE; YANKee CANDLe,item_weight,22.0 gram
483370,Pokenty.,item_weight,2022.0 gram
932012,ROLL SHADE; 22OGSMMPERMEABLE FABRIC; PROFESSIONAL; HAND MADE; DURABLE,item_weight,220.0 gram
932012,"ROLL SHADE; 22OGSMPERMMEABLEFABRIC; DETAILS; PULLEYDESIGN MAKES IT EASIER FOR; USERSTO ROLLUP AND DOWN THE ROLLER; SHADE.IF YOU ENCOUNTER ANYPROBLEMS; DURINGINSTALLATION,FEELFREE TO; CONTACTUS.; 3; 220; YEARS; WSD; WARRENTY; WATERPROOF; PROTECTION; SIZE; CUSTOMIZED",item_weight,220.0 gram
396159,"ZWOLTEX; SINCE1946; JACQUARD WEBTECHNIK; Unsere Muster sind gewebt, nicht gedruckt!; Keine Druckfarben; Ausbleichsicher; 100% Agyptische; Baumwolle; zahlt auf Grund der weichen; und strapazierfahigen; Eigenschaften zu den; hochwertigsten Rohstoffen!; 240g/m2",item_weight,240.0 gram
477578,Precise; measurement; More intelligent heart rate monitor HR40; Buetooth; Dual-protocol; Waterproof; Working time; IPX7; 340h; Transmission; Net weight; BLE/ANT+; 47g; Adjustable Strap; Straplength65~95CM; Minimum wearing size65CM; Maximum wearing size120CM,item_weight,47.0 gram
731432,"OPTIMUM; ON; NUTRITION; 100% AUTHENTIC; 0575750; VISIT: authenticateon.in; TRU SEAL; SERIOUS; MASS; HIGHPROTEIN; MUSCLE BUILDING E; 50g; 256g; 1,251; WEIGHT GAIN FORMULA; CARBSI; CALORIES; PROTEIN'; HELPTANILUSACLE; MELESEWORKOUTS; HALORBONSAKE; VANILLAFLAVOUR; NET WT.; 5kg(11b)",item_weight,11 pound
731432,TRUSTED BY THE WORLD'S BEST; ATHLETES FOR 35 YEARS; 1G GLUTAMINE; 1243KCAL&50GMPR0TEIN; PERSERVING; (SERVING 2 SCOOPS); BLEND OF HIGH; QUALITY COMPLETE; ONAUTMUMN; PROTEINS(VEG); 24VITAMINS AND; SERIOUS; MINERALS; MASS; 1GM CREATINE; MONOHYDRATE; 1.257; 50; 256g; PER SERVING; CHOCOLATE FLAVOUR; NETWT 5kg(1b); 254GM; CARBS; CHOICE; E; REGULARLY; TESTEDFOR; BANNED; P; SUBSTANCES,item_weight,5 kilogram
731432,"334 GRAMS; ABOUT 2 SCOOPS; SERIOUS MASS PROTEIN; POWDER; 710ML; 24FLOZ; COLD WATER,MILK OR; OTHERE BEVERAGE; ON; ONAUTRITION; SERIOUS; 30-45; MASS; SECONDS; MUSCLEBUILINGGULA; 1,251; 50g; 256; BLEND UNTIL; VANILLAFLAVOUR; NETWT. 3kg(6.6b; DISSOLVED; TAKE ALONG WITH YOUR USUAL; MEALS,NOT INSTEAD OF IT; FORBEGINNERS-STARTWITHHALFSCOOP AND WORKYOUR WAY UPTOAFULLSERVING",item_weight,6.6 pound
731432,"ON 9; SERIOUS; MASS; VS GENERIC MASS; GAINERS; ON; OPTIMUM; OTHER MASS; NUTRITION; GAINER BRANDS; 1g Creatine; Monohydrate; No Creatine; Per Serving; O; 1g Glutamine; ONNPTRITION; Per Serving; No Glutamine; O; SERIOUS; VS; HN""; OH; MASS; 1,251; 50; 256; CHOCOLATE FLAVOUR; NETWE. 3kg(6.6; Blend of High; Quality Complete; No High Quality; Proteins; Protein Blend; S",item_weight,3 kilogram
731432,50g; PROTEIN; OPTIMUM; 256g; UD; NUTRITION; ON; CARBS; SERIOUS; MASS; 1257; 50g; 256g; ELPSBOOST; VANILLA FLAVOUR; NET WT.3 kg (6.6b); 1251; CALORIES; SUPPORTS; WEIGHTE; MUSCLE BUILDING; *WHEN TAKEN OVER TIME WITH REGULAR RESISTANCE TRAINING,item_weight,6.6 pound
731432,"VANILLA; 5kg; Nutrition Information.; Servings Per Container 15; Serving Size 334 g About 2 Scoops; Quantity; Quantity; Quantity; %Daily; Per 1 Scoopt Per Serving Per 100g; Values; (2 Scoops)t; Per Servingt; Energy*; 626 kcal; 1251 kcal; 375 kcal; 63%; Protein*; 25 g; 50g; 15g; 93%; Carbohydrate^; 128 g; 256 g; 77g; -Total Sugars^; 10g; 20 g; 6g; 0%; Added Sugars; 0g; 0g; 0g; 0%; Total Fat*; 1.5g; 3g; 1g; 4%; -Saturated Fat; 1g; 2g; 0.6g; 9%; -Trans Fat; 0g; 0g; 0g; 0%; Cholesterol^; 75 mg; 150 mg; 45 mg; O; Sodium; 232mg; 464 mg; 139 mg; 23%; Potassium; 531mg; 1062 mg; 318 mg; 30%; 334GRAMS; 710 ml; 30-45 SECONDS; Vitamin A; 62 g; 124 g; 37 g; 12%; (ABOUT2SCOOP; 24FLOZ; BLEND UNTIL; Thiamine; 0.07 mg; 0.14 mg; 0.04 mg; 8%; SERIOUS MASS; COLD WATER,MILK; DISSOLVED; Riboflavin; 0.1 mg; 0.2 mg; 0.06 mg; 8%; PROTEIN POWDER; OR OTHER BEVERAGE; Niacin; 1 mg; 2 mg; 0.6 mg; 11%; Folic Acid; 33 g; 66 g; 20 g; 37%; Vitamin B6; 0.15mg; 0.3 mg; 0.1 mg; 13%; Vitamin B12; 1 g; 2 g; 0.6 g; 91%; Biotin; 15 g; 30 g; 6d6; 75%; INGREDIENTS:Maltodextrin (77%)Protein Blend 19% (Whey Protein Concentrate,; 2mg; Calcium Caseinate,Whey Powder(EmulsifierINS 322i.Artificial Flavor (VanillaCreatine; Pantothenic Acid; 1 mg; 0.6 mg; 40%; Monohydrate, Medium Chain Triglycerides Powder, L-Glutamine,Vitamin and Mineral Blend; Vitamin C; 2.5 mg; 5 mg; 1 mg; 6%; Sodium Chloride, Calcium Phosphate Tribasic,Magnesium Phosphate, Calcium Lactate,; Vitamin D; 3.5 g; 7 g; 2 g; 47%; L-Ascorbic Acid,Zinc Sulfate,DL-Alpha-Tocopheryl Acetate,Nicotinamide,Ferric; Vitamin E; 1.5 mg; 0.9 mg; Pyrophosphate,Manganese Sulphate,Calcium D-Pantothenate,Pyridoxine Hydrochloride,; 3 mg; 30%; RiboflavinThiamine MononitrateRetinyl PalmitateFolic Acid,D-BiotinPotassium lodide,; Calcium; 285.5 mg; 571mg; 171 mg; 57%; Chromium Chloride,Sodium SeleniteErgocalciferol)L-Choline Bitartrate,Sweetener; Chromium; 16.5 g; 33 g; 10 g; 66%; INS 950,Inositol.; Iron; 0.5mg; 1 mg; 0.3 mg; 5%; ALLERGENS:Contains MILK and SOY.; Processed in a plant where nut(s) containing products are manufactured.; laalde; 25 g; 50 g; 15 g; 36%; Magnesium; 25 mg; 50mg; 15 mg; 11%; Manganese; 0.35 mg; 0.7 mg; 0.2 mg; 15%; Molybdenum; 23 g; 45 g; 13 g; 100%; Phosphorus; 180.5 mg; 361 mg; 108 mg; 36%; Selenium; 20 g; 40 g; 12 g; 100%; Zinc; 1 mg; 2 mg; 0.6 mg; 12%; Creatine Monohydrate^ 0.5g; 1g; 0.3g; L-Glutamine^; 0.5g; 1g; 0.3g; Choline^; 125 mg; 250 mg; 75 mg; Inositol^; 125 mg; 250 mg; 75mg; All Values are considered averages unless otherwise indicated.; Dietary Allowances according to Indian Council of Medical Research Guideline 2020.; Daily Value not established.; BANNED; CHOICE; SUPPORTSWEIGHT; SUBSTANCE; REGULARLY; GAIN GOALS*; TESTED; BANNED",item_weight,5 kilogram
731432,"WHAT; 1251 Calories & 50 Grams of Protein; Helps Reach Serious Weight Gain Goals; NUTRITION; WHEN; Between Meals, After Weight; SERIOUS; Training or Before Bed; MASS; 50; 256g; VANILLA FLAVOUR; OCOFORSPEC; NET WT.3kg(6.6b); WHY; Weiqht Gain Formula with Calories; SS; that Count During Recovery",item_weight,3 kilogram
308671,.636,item_weight,9 gram
917343,MARFULA; Beam Cover 18oz viny; Easy to Clean; MoreDurable; Indoor& Outdoor Use,item_weight,18.0 ounce
359859,"PRODUCT PARAMETER; Weight:0.13 Ibs; 0.8""; IOOGEAR; 3.93""; 3.93""; 1.57""",item_weight,0.13 pound
273748,Srtap length: 47.24inch/120cm; Weight:0.41kg; 8.66inch/22cm; 4.33inch/11cm; 7.48inch/19cm,item_weight,0.41 kilogram
563130,AirPods Pro 2nd/1st Generation; KOREDA Cwte CARRIER CASE,item_weight,2.0 pound
563130,"What Yoy Get?.; 1 x AirPods Pro 2nd/1st Generation Case, 1 x Metal Carabiner,; 1 x Small Steel Ring, 2 x Stickers; Small Steel Ring; AirPods Pro 2nd/1st Generation Case; Metal Carabiner; LUGGAGE STICKER; LUGGAGESTICKER; SIN; TAG; DENVER; +; ASCHES; SFRAGILE S.; 12421+; Stickers; Stickers",item_weight,2.0 pound
479564,g-sight.com; QUANTUNXO; 38SPC; LASER-CARTRIDGE; Shoot For Life; REPLACEABLE RUBBER STRIKE PAD; 85858; wSIGHT; COMES WITH 2 SETS OF BATTERIES; QUANTUM XG; 38SPECIAL,item_weight,38.0 gram
254449,VALLEY; Himalayan; SHILAJIT; 50GMS 1.76OZ,item_weight,50.0 gram
254449,Himalayan; SHILAJIT; 5OGMS (1.76OZ,item_weight,50.0 gram
254449,"Benefits:; Containing above 85 minerals,Natural; Testosterone Booster, Anti-aging,Anti; diabetic.Mental &PhysicalRejuvenation; Stress& Anxiety Reduction,Cure of; thousand diseases& weakness.; Dosage:; Take Pea-nut Sized portion500 mg; Dissolve it in hot water,milk or Juice.Drink; iton empty stomach everymorning; ProductOrigin:Ladakh(J&K)",item_weight,500.0 milligram
254449,Measure about a; pea-sized ball; Dissolve in lukewarm or cold; pure water or milk and drink; Himalayan; SHILAJITS; 50 GMS1.76OZ,item_weight,50.0 gram
254449,Himalayan; SHILAJIT; 50 GMS (1.76OZ,item_weight,76.0 ounce
639090,NEW; NOUVEAU; Lindt; LINDOR; Lindt; LINDOR; 150g; IRRESISTIBLY SMOOTHL'INFINI FONDANT; CARAMEL&SEASALTMILK; CARAMEL ET SEL DE MERLAIT,item_weight,150.0 gram
639090,"Nutrition Facts; Valeur nutritive; Per 1 ball (13g); pour 1 boule 13 g); Calories 80; Calories 80; %valeur; %Daily Value*; quotidienne*; Fat 6 g; 8%; Lipides 6 g; 8%; Saturated 4.5 g; satures 4.5 g; 23 %; 23%; + Trans0g; +trans 0 g; Carbohydrate 6 g; Glucides 6 g; Fibre 0 g; 0%; Fibres 0 g; 0%; Sugars 5 g; 5%; Sucres 5 g; 5%; Protein 1 g; Proteines 1 g; Cholesterol O mg; Cholesterol O mg; Sodium 25 mg; 1 %; Sodium 25 mg; 1 %; Potassium 50 mg; 1 %; Potassium 50 mg; 1 %; Calcium 20 mg; 2%; Calcium 20 mg; 2 %; Iron 0.1 mg; 1 %; Fer 0.1 mg; 1 %; *5% or less is a little,15% or more is a lot; *5% ou moins c'est peu,; 15% ou plus c'est beaucoup; Ingredients:Sugars (sugar, lactose; Ingredients :Sucres (sucre, lactose, extrait de; malt d'orge)  Huile de coco  Beurre de; barley malt extract)Coconut oil; cacao  Substances laitieres  Pate de cacao; Cocoa butter  Milk ingredients; Cocoa mass Caramel paste; Pate de caramel (sucre, beurre de cacao; creme en poudre, sel, lecithine de soja); (sugar, cocoa butter, cream powder;  Lecithine de soja  Sel de mer (Fleur de; salt, soy lecithin)  Soy lecithin  Sea; sel)  Arome artificial; salt (Fleur de sel)Artificial flavour; Peut contenir:Arachides Noix; May Contain: Peanuts  Tree nuts",item_weight,13.0 gram
639090,"3.74""; Lindt; LINDOR; 8.27""; O0; FLINDOR; 150 g; IRRESISTIBLY SMOOTH-L'INFINI FONDANT; CARAMEL & SEA SALTMILK; CARAMEL ET SEL DE MERLAIT",item_weight,150.0 gram
675317,Details; Solidhandle7mm; Grip comfortable; Strong internal construction; 2.10; Weight 2.1lbs,item_weight,2.1 pound
844474,90,item_weight,0.0 pound
625310,"Portable and lightweight; In addition to having a very beautiful design,the blade speakers are; also very thin. At its thinnest point, it's only 3 millimeters, and it's only; 40 grams in total. Anyway,you can keep it in your wallet or pocket; It's easy to carry anywhere.; Thin as a blade; The speakerits is lightly the thinest, that is why we named it Blade; being4 to 5 times louder than the average cell phone speakers; volume,reaching up to ll5db",item_weight,40.0 gram
299791,Adjustable Chain:.; 55cm+5cm/22+2 inches; Width: 3mm; High Quality Black Plated; 37mm; NC; IN; LISERTY; ER; 30mm; 24mm; Net weight:30g,item_weight,30.0 gram
334327,"NOTADJUSTABLE; 0.718 mm); H-2.2""(5.7 cm); Be careful; when ordering; W- 4.1""(10.5 cm); 1.43lb (0.65kg); L-7.9""(20 cm)",item_weight,1.43 pound
601746,XX; Hold up to 200 kg,item_weight,200.0 kilogram
844474,Lightweight :260g; Large capacity 40L; 45cm; YINGLANG; 17.7in; 23x19cm; 20cm; 36cm; 7.87in; 14.1in,item_weight,260.0 gram
318770,Used with 20w charger; 50%; After 30 mins,wattage,20.0 watt
523149,Tungsten steel; High polished; 4mm; 4g,item_weight,4.0 gram
564709,Freins a double disque pour un freinage stable; Portable et pliable- le 23kg,item_weight,23.0 kilogram
564709,Pliage rapide; & Facile a porter; Batterie; Position de I'engrenage; Le bouton de I'interr; La vitesse; Leger; Controlede; T'accelerateur; 00; Plier; .00000.; Tension; Clignotant; Plie; cloche,item_weight,0.0 ounce
120219,Foldable design.; Convenient storage saves space.; Comes with handle.; Easy and convenient retrieval and storage; Reinforce edges; Durable and not easy to run; Widen the interval.; Fits more bulky clothes.,maximum_weight_recommendation,12.0 ounce
630869,"Product Detail; Weight: 34.5 g; Inner Perimeter6.75~7""; Durable Elastic Rope; 6mm; 8mm; Alloy Charms; 0.65""; Green Agate; leaf charm; Natural Gemstone; 0.65""; enrum; Gift box; Tree of Life & Leaf Charm",item_weight,34.5 gram
507988,PASSGENAU FUR DAS; MADE IN; KNDERBETT; EUROPE; BEZUG 100%; BAUMWOLLE; DREH- UND; WENDBAR; 60; BEZUG; WASCHBAR; BEI 60 GRAD,item_weight,60.0 gram
529606,"WIE; BENUTZT; MAN; EL; HU; M; GL; AUNE; BRENNE; Gluckslicht; 15; UCKSL; ICHT; We; GUTELAUNE; LUCKSLICHT; TO; AN; B; *; ICH BRENNE; I; IT; Gluckslicht 3 B B; GLUCKSLICH; ke; 3; S1-1; S; 2.uberlegen sich die favorisierte; 1.Schneiden Sie einfach das; 3.1n Wasser legen 10-15 Sekunden; Position auf der Kerze und schneidet; gewunschteMotivaus; den weiBen Bereich um die Rander.; und voll durchnasst.; Gluckslicht; Gluckslicht; luckslicht33; OSSI; 75.Trocknen & genieBen,Halten; 4.Aufbringen und Tragerpapier; 6.Im Anschluss sollte die Folie auf der; Sie die Folie dabei mit einem; entfernen und schieben das; Kerze am besten einen ganzen; Finger vorsichtig in Position.; Tag bei; Raumtemperatur trocknen; Tragerpapier zur Seite; Tipps: ; Bitte; lesen Sie vor Gebrauch die Gebrauchsanweisung",item_weight,4.0 pound
